Software Version;02.07.2017;;;;;;;;;;;;;;;;;;;;;;;;;;;;;;;;;;;;;;;;;;;;;;;;;;;;;;;;;;;;;;;;;;;;;;;;;;;;;;;;;;;;;;;;;;;;;;;;;
;;;;;;;;;;;;;;;;;;;;;;;;;;;;;;;;;;;;;;;;;;;;;;;;;;;;;;;;;;;;;;;;;;;;;;;;;;;;;;;;;;;;;;;;;;;;;;;;;;
Experiment File Path:;C:\Synergy\Messungen\Dennis\pRAJ11_real_time_GFP_20160621_161130_0001.xpt;;;;;;;;;;;;;;;;;;;;;;;;;;;;;;;;;;;;;;;;;;;;;;;;;;;;;;;;;;;;;;;;;;;;;;;;;;;;;;;;;;;;;;;;;;;;;;;;;
Protocol File Path:;C:\Synergy\Protokolle\pRAJ11_real_time_GFP_20160621.prt;;;;;;;;;;;;;;;;;;;;;;;;;;;;;;;;;;;;;;;;;;;;;;;;;;;;;;;;;;;;;;;;;;;;;;;;;;;;;;;;;;;;;;;;;;;;;;;;;
Plate Number;Plate 1;;;;;;;;;;;;;;;;;;;;;;;;;;;;;;;;;;;;;;;;;;;;;;;;;;;;;;;;;;;;;;;;;;;;;;;;;;;;;;;;;;;;;;;;;;;;;;;;;
Date;06.12.2016;;;;;;;;;;;;;;;;;;;;;;;;;;;;;;;;;;;;;;;;;;;;;;;;;;;;;;;;;;;;;;;;;;;;;;;;;;;;;;;;;;;;;;;;;;;;;;;;;
Time;17:19:50;;;;;;;;;;;;;;;;;;;;;;;;;;;;;;;;;;;;;;;;;;;;;;;;;;;;;;;;;;;;;;;;;;;;;;;;;;;;;;;;;;;;;;;;;;;;;;;;;
Reader Type:;Synergy Mx;;;;;;;;;;;;;;;;;;;;;;;;;;;;;;;;;;;;;;;;;;;;;;;;;;;;;;;;;;;;;;;;;;;;;;;;;;;;;;;;;;;;;;;;;;;;;;;;;
Reader Serial Number:;267136;;;;;;;;;;;;;;;;;;;;;;;;;;;;;;;;;;;;;;;;;;;;;;;;;;;;;;;;;;;;;;;;;;;;;;;;;;;;;;;;;;;;;;;;;;;;;;;;;
Reading Type;Reader;;;;;;;;;;;;;;;;;;;;;;;;;;;;;;;;;;;;;;;;;;;;;;;;;;;;;;;;;;;;;;;;;;;;;;;;;;;;;;;;;;;;;;;;;;;;;;;;;
;;;;;;;;;;;;;;;;;;;;;;;;;;;;;;;;;;;;;;;;;;;;;;;;;;;;;;;;;;;;;;;;;;;;;;;;;;;;;;;;;;;;;;;;;;;;;;;;;;
Procedure Details;;;;;;;;;;;;;;;;;;;;;;;;;;;;;;;;;;;;;;;;;;;;;;;;;;;;;;;;;;;;;;;;;;;;;;;;;;;;;;;;;;;;;;;;;;;;;;;;;;
Plate Type;96 WELL PLATE;;;;;;;;;;;;;;;;;;;;;;;;;;;;;;;;;;;;;;;;;;;;;;;;;;;;;;;;;;;;;;;;;;;;;;;;;;;;;;;;;;;;;;;;;;;;;;;;;
Eject plate on completion;;;;;;;;;;;;;;;;;;;;;;;;;;;;;;;;;;;;;;;;;;;;;;;;;;;;;;;;;;;;;;;;;;;;;;;;;;;;;;;;;;;;;;;;;;;;;;;;;;
Set Temperature;Setpoint 37°C;;;;;;;;;;;;;;;;;;;;;;;;;;;;;;;;;;;;;;;;;;;;;;;;;;;;;;;;;;;;;;;;;;;;;;;;;;;;;;;;;;;;;;;;;;;;;;;;;
;Preheat before moving to next step;;;;;;;;;;;;;;;;;;;;;;;;;;;;;;;;;;;;;;;;;;;;;;;;;;;;;;;;;;;;;;;;;;;;;;;;;;;;;;;;;;;;;;;;;;;;;;;;;
Start Kinetic;Runtime 18:00:00 (HH:MM:SS), Interval 0:15:00, 73 Reads;;;;;;;;;;;;;;;;;;;;;;;;;;;;;;;;;;;;;;;;;;;;;;;;;;;;;;;;;;;;;;;;;;;;;;;;;;;;;;;;;;;;;;;;;;;;;;;;;
    Shake;Medium, Continuous;;;;;;;;;;;;;;;;;;;;;;;;;;;;;;;;;;;;;;;;;;;;;;;;;;;;;;;;;;;;;;;;;;;;;;;;;;;;;;;;;;;;;;;;;;;;;;;;;
    Read;Absorbance Endpoint;;;;;;;;;;;;;;;;;;;;;;;;;;;;;;;;;;;;;;;;;;;;;;;;;;;;;;;;;;;;;;;;;;;;;;;;;;;;;;;;;;;;;;;;;;;;;;;;;
;Full Plate;;;;;;;;;;;;;;;;;;;;;;;;;;;;;;;;;;;;;;;;;;;;;;;;;;;;;;;;;;;;;;;;;;;;;;;;;;;;;;;;;;;;;;;;;;;;;;;;;
;Wavelengths:  600;;;;;;;;;;;;;;;;;;;;;;;;;;;;;;;;;;;;;;;;;;;;;;;;;;;;;;;;;;;;;;;;;;;;;;;;;;;;;;;;;;;;;;;;;;;;;;;;;
;Read Speed: Normal,  Delay: 100 msec,  Measurements/Data Point: 8;;;;;;;;;;;;;;;;;;;;;;;;;;;;;;;;;;;;;;;;;;;;;;;;;;;;;;;;;;;;;;;;;;;;;;;;;;;;;;;;;;;;;;;;;;;;;;;;;
    Read;GFP_50;;;;;;;;;;;;;;;;;;;;;;;;;;;;;;;;;;;;;;;;;;;;;;;;;;;;;;;;;;;;;;;;;;;;;;;;;;;;;;;;;;;;;;;;;;;;;;;;;
;Fluorescence Endpoint;;;;;;;;;;;;;;;;;;;;;;;;;;;;;;;;;;;;;;;;;;;;;;;;;;;;;;;;;;;;;;;;;;;;;;;;;;;;;;;;;;;;;;;;;;;;;;;;;
;Full Plate;;;;;;;;;;;;;;;;;;;;;;;;;;;;;;;;;;;;;;;;;;;;;;;;;;;;;;;;;;;;;;;;;;;;;;;;;;;;;;;;;;;;;;;;;;;;;;;;;
;Filter Set 1;;;;;;;;;;;;;;;;;;;;;;;;;;;;;;;;;;;;;;;;;;;;;;;;;;;;;;;;;;;;;;;;;;;;;;;;;;;;;;;;;;;;;;;;;;;;;;;;;
;    Excitation: 480/9,0,  Emission: 520/20,0;;;;;;;;;;;;;;;;;;;;;;;;;;;;;;;;;;;;;;;;;;;;;;;;;;;;;;;;;;;;;;;;;;;;;;;;;;;;;;;;;;;;;;;;;;;;;;;;;
;    Optics: Top,  Gain: 65;;;;;;;;;;;;;;;;;;;;;;;;;;;;;;;;;;;;;;;;;;;;;;;;;;;;;;;;;;;;;;;;;;;;;;;;;;;;;;;;;;;;;;;;;;;;;;;;;
;Read Speed: Normal,  Delay: 100 msec,  Measurements/Data Point: 10;;;;;;;;;;;;;;;;;;;;;;;;;;;;;;;;;;;;;;;;;;;;;;;;;;;;;;;;;;;;;;;;;;;;;;;;;;;;;;;;;;;;;;;;;;;;;;;;;
;Read Height: 8 mm;;;;;;;;;;;;;;;;;;;;;;;;;;;;;;;;;;;;;;;;;;;;;;;;;;;;;;;;;;;;;;;;;;;;;;;;;;;;;;;;;;;;;;;;;;;;;;;;;
End Kinetic;;;;;;;;;;;;;;;;;;;;;;;;;;;;;;;;;;;;;;;;;;;;;;;;;;;;;;;;;;;;;;;;;;;;;;;;;;;;;;;;;;;;;;;;;;;;;;;;;;
;;;;;;;;;;;;;;;;;;;;;;;;;;;;;;;;;;;;;;;;;;;;;;;;;;;;;;;;;;;;;;;;;;;;;;;;;;;;;;;;;;;;;;;;;;;;;;;;;;
Layout;;;;;;;;;;;;;;;;;;;;;;;;;;;;;;;;;;;;;;;;;;;;;;;;;;;;;;;;;;;;;;;;;;;;;;;;;;;;;;;;;;;;;;;;;;;;;;;;;;
;;;;;;;;;;;;;;;;;;;;;;;;;;;;;;;;;;;;;;;;;;;;;;;;;;;;;;;;;;;;;;;;;;;;;;;;;;;;;;;;;;;;;;;;;;;;;;;;;;
;;1;2;3;4;5;6;7;8;9;10;11;12;;;;;;;;;;;;;;;;;;;;;;;;;;;;;;;;;;;;;;;;;;;;;;;;;;;;;;;;;;;;;;;;;;;;;;;;;;;;;;;;;;;;;
;A;SPL1;SPL9;SPL17;SPL25;SPL33;SPL41;SPL49;SPL57;SPL65;SPL73;SPL81;SPL89;Well ID;;;;;;;;;;;;;;;;;;;;;;;;;;;;;;;;;;;;;;;;;;;;;;;;;;;;;;;;;;;;;;;;;;;;;;;;;;;;;;;;;;;;
;B;SPL2;SPL10;SPL18;SPL26;SPL34;SPL42;SPL50;SPL58;SPL66;SPL74;SPL82;SPL90;Well ID;;;;;;;;;;;;;;;;;;;;;;;;;;;;;;;;;;;;;;;;;;;;;;;;;;;;;;;;;;;;;;;;;;;;;;;;;;;;;;;;;;;;
;C;SPL3;SPL11;SPL19;SPL27;SPL35;SPL43;SPL51;SPL59;SPL67;SPL75;SPL83;SPL91;Well ID;;;;;;;;;;;;;;;;;;;;;;;;;;;;;;;;;;;;;;;;;;;;;;;;;;;;;;;;;;;;;;;;;;;;;;;;;;;;;;;;;;;;
;D;SPL4;SPL12;SPL20;SPL28;SPL36;SPL44;SPL52;SPL60;SPL68;SPL76;SPL84;SPL92;Well ID;;;;;;;;;;;;;;;;;;;;;;;;;;;;;;;;;;;;;;;;;;;;;;;;;;;;;;;;;;;;;;;;;;;;;;;;;;;;;;;;;;;;
;E;SPL5;SPL13;SPL21;SPL29;SPL37;SPL45;SPL53;SPL61;SPL69;SPL77;SPL85;SPL93;Well ID;;;;;;;;;;;;;;;;;;;;;;;;;;;;;;;;;;;;;;;;;;;;;;;;;;;;;;;;;;;;;;;;;;;;;;;;;;;;;;;;;;;;
;F;SPL6;SPL14;SPL22;SPL30;SPL38;SPL46;SPL54;SPL62;SPL70;SPL78;SPL86;SPL94;Well ID;;;;;;;;;;;;;;;;;;;;;;;;;;;;;;;;;;;;;;;;;;;;;;;;;;;;;;;;;;;;;;;;;;;;;;;;;;;;;;;;;;;;
;G;SPL7;SPL15;SPL23;SPL31;SPL39;SPL47;SPL55;SPL63;SPL71;SPL79;SPL87;SPL95;Well ID;;;;;;;;;;;;;;;;;;;;;;;;;;;;;;;;;;;;;;;;;;;;;;;;;;;;;;;;;;;;;;;;;;;;;;;;;;;;;;;;;;;;
;H;SPL8;SPL16;SPL24;SPL32;SPL40;SPL48;SPL56;SPL64;SPL72;SPL80;SPL88;SPL96;Well ID;;;;;;;;;;;;;;;;;;;;;;;;;;;;;;;;;;;;;;;;;;;;;;;;;;;;;;;;;;;;;;;;;;;;;;;;;;;;;;;;;;;;
;;;;;;;;;;;;;;;;;;;;;;;;;;;;;;;;;;;;;;;;;;;;;;;;;;;;;;;;;;;;;;;;;;;;;;;;;;;;;;;;;;;;;;;;;;;;;;;;;;
600;;;;;;;;;;;;;;;;;;;;;;;;;;;;;;;;;;;;;;;;;;;;;;;;;;;;;;;;;;;;;;;;;;;;;;;;;;;;;;;;;;;;;;;;;;;;;;;;;;
;;;;;;;;;;;;;;;;;;;;;;;;;;;;;;;;;;;;;;;;;;;;;;;;;;;;;;;;;;;;;;;;;;;;;;;;;;;;;;;;;;;;;;;;;;;;;;;;;;
;Time;T° 600;A1;A2;A3;A4;A5;A6;A7;A8;A9;A10;A11;A12;B1;B2;B3;B4;B5;B6;B7;B8;B9;B10;B11;B12;C1;C2;C3;C4;C5;C6;C7;C8;C9;C10;C11;C12;D1;D2;D3;D4;D5;D6;D7;D8;D9;D10;D11;D12;E1;E2;E3;E4;E5;E6;E7;E8;E9;E10;E11;E12;F1;F2;F3;F4;F5;F6;F7;F8;F9;F10;F11;F12;G1;G2;G3;G4;G5;G6;G7;G8;G9;G10;G11;G12;H1;H2;H3;H4;H5;H6;H7;H8;H9;H10;H11;H12
;00:13:48;37;0,07;0,069;0,071;0,065;0,068;0,067;0,065;0,067;0,068;0,066;0,067;0,065;0,079;0,064;0,075;0,065;0,062;0,067;0,065;0,067;0,064;0,063;0,063;0,063;0,069;0,069;0,069;0,068;0,067;0,067;0,067;0,075;0,068;0,068;0,069;0,075;0,083;0,083;0,073;0,073;0,076;0,073;0,071;0,077;0,072;0,077;0,074;0,073;0,066;0,065;0,064;0,066;0,064;0,064;0,063;0,063;0,063;0,065;0,062;0,064;0,084;0,067;0,069;0,068;0,069;0,067;0,087;0,067;0,074;0,078;0,071;0,067;0,058;0,058;0,057;0,069;0,062;0,058;0,058;0,056;0,057;0,056;0,056;0,057;0,068;0,07;0,076;0,074;0,075;0,073;0,088;0,086;0,089;0,093;0,092;0,089
;00:28:48;37;0,067;0,067;0,067;0,063;0,066;0,065;0,065;0,065;0,066;0,065;0,066;0,065;0,075;0,064;0,064;0,064;0,062;0,068;0,064;0,066;0,063;0,063;0,063;0,064;0,07;0,068;0,068;0,069;0,068;0,068;0,075;0,07;0,07;0,069;0,079;0,075;0,077;0,076;0,072;0,072;0,073;0,071;0,072;0,073;0,071;0,075;0,074;0,072;0,099;0,067;0,065;0,067;0,064;0,064;0,064;0,063;0,068;0,063;0,062;0,063;0,094;0,068;0,07;0,07;0,071;0,068;0,072;0,068;0,075;0,081;0,071;0,068;0,057;0,058;0,057;0,07;0,058;0,056;0,058;0,056;0,057;0,056;0,057;0,057;0,07;0,073;0,079;0,078;0,075;0,074;0,097;0,101;0,103;0,11;0,104;0,103
;00:43:48;37;0,066;0,065;0,066;0,062;0,065;0,064;0,063;0,067;0,065;0,064;0,065;0,064;0,077;0,065;0,077;0,065;0,063;0,068;0,065;0,066;0,064;0,064;0,063;0,065;0,072;0,069;0,07;0,069;0,069;0,069;0,07;0,072;0,073;0,071;0,079;0,075;0,074;0,072;0,07;0,07;0,069;0,07;0,071;0,072;0,072;0,074;0,074;0,072;0,07;0,065;0,065;0,068;0,065;0,065;0,065;0,063;0,069;0,064;0,063;0,064;0,095;0,069;0,071;0,071;0,075;0,069;0,074;0,068;0,074;0,068;0,072;0,069;0,057;0,058;0,057;0,07;0,059;0,058;0,058;0,057;0,057;0,056;0,058;0,057;0,074;0,079;0,084;0,084;0,082;0,08;0,118;0,123;0,122;0,14;0,125;0,124
;00:58:48;37;0,065;0,064;0,066;0,064;0,066;0,063;0,062;0,063;0,066;0,064;0,067;0,065;0,077;0,068;0,092;0,066;0,065;0,068;0,065;0,067;0,065;0,065;0,064;0,066;0,073;0,07;0,071;0,07;0,07;0,07;0,072;0,076;0,073;0,073;0,079;0,075;0,071;0,071;0,073;0,087;0,066;0,067;0,069;0,07;0,07;0,07;0,071;0,07;0,109;0,071;0,066;0,07;0,066;0,067;0,065;0,064;0,069;0,065;0,064;0,065;0,095;0,071;0,073;0,07;0,073;0,07;0,076;0,071;0,069;0,069;0,074;0,071;0,057;0,058;0,057;0,07;0,06;0,057;0,058;0,057;0,058;0,056;0,061;0,057;0,079;0,085;0,091;0,091;0,09;0,087;0,137;0,142;0,143;0,156;0,146;0,148
;01:13:48;37;0,063;0,063;0,064;0,061;0,064;0,062;0,061;0,062;0,063;0,062;0,064;0,063;0,082;0,069;0,101;0,067;0,066;0,069;0,066;0,069;0,066;0,067;0,065;0,067;0,075;0,071;0,072;0,071;0,072;0,071;0,076;0,077;0,077;0,075;0,078;0,078;0,089;0,069;0,068;0,067;0,065;0,066;0,067;0,067;0,067;0,068;0,069;0,068;0,112;0,074;0,075;0,071;0,068;0,068;0,066;0,065;0,067;0,065;0,065;0,065;0,097;0,071;0,074;0,072;0,076;0,071;0,076;0,072;0,071;0,072;0,076;0,073;0,057;0,058;0,057;0,07;0,06;0,057;0,059;0,057;0,057;0,056;0,059;0,057;0,086;0,095;0,102;0,103;0,1;0,096;0,163;0,168;0,176;0,191;0,173;0,172
;01:28:48;37;0,062;0,062;0,063;0,06;0,061;0,061;0,061;0,061;0,063;0,061;0,062;0,061;0,089;0,071;0,069;0,069;0,068;0,071;0,084;0,07;0,067;0,068;0,066;0,068;0,077;0,074;0,074;0,073;0,073;0,073;0,08;0,082;0,08;0,086;0,082;0,082;0,069;0,07;0,066;0,066;0,065;0,065;0,066;0,066;0,068;0,069;0,068;0,066;0,129;0,08;0,068;0,073;0,069;0,07;0,067;0,066;0,07;0,066;0,066;0,067;0,118;0,074;0,075;0,074;0,075;0,072;0,079;0,074;0,093;0,074;0,078;0,075;0,057;0,058;0,057;0,07;0,061;0,056;0,058;0,057;0,057;0,056;0,06;0,059;0,098;0,111;0,119;0,122;0,115;0,112;0,203;0,218;0,214;0,239;0,208;0,21
;01:43:48;37;0,062;0,062;0,063;0,06;0,061;0,06;0,06;0,06;0,06;0,06;0,061;0,061;0,103;0,076;0,071;0,07;0,069;0,072;0,069;0,072;0,07;0,07;0,069;0,07;0,079;0,076;0,077;0,074;0,075;0,075;0,086;0,088;0,087;0,093;0,087;0,091;0,069;0,067;0,065;0,065;0,065;0,064;0,065;0,065;0,067;0,067;0,067;0,066;0,079;0,07;0,072;0,074;0,072;0,075;0,069;0,067;0,072;0,068;0,067;0,067;0,11;0,077;0,077;0,075;0,077;0,074;0,083;0,078;0,08;0,078;0,083;0,079;0,057;0,058;0,057;0,07;0,062;0,057;0,058;0,058;0,058;0,056;0,058;0,057;0,116;0,135;0,145;0,15;0,139;0,134;0,253;0,246;0,257;0,272;0,26;0,25
;01:58:48;37;0,062;0,062;0,063;0,059;0,061;0,06;0,06;0,06;0,06;0,06;0,061;0,06;0,121;0,09;0,074;0,072;0,071;0,074;0,071;0,074;0,072;0,074;0,072;0,073;0,082;0,078;0,079;0,076;0,077;0,077;0,094;0,097;0,094;0,093;0,097;0,098;0,069;0,067;0,067;0,065;0,066;0,064;0,067;0,066;0,067;0,067;0,068;0,069;0,151;0,069;0,07;0,079;0,076;0,08;0,071;0,069;0,072;0,07;0,069;0,069;0,148;0,077;0,079;0,077;0,078;0,075;0,088;0,084;0,083;0,086;0,088;0,084;0,057;0,058;0,057;0,07;0,062;0,058;0,058;0,06;0,057;0,056;0,06;0,057;0,145;0,169;0,182;0,186;0,173;0,17;0,269;0,253;0,29;0,293;0,275;0,277
;02:13:48;37;0,062;0,061;0,062;0,059;0,061;0,06;0,06;0,061;0,061;0,06;0,061;0,06;0,137;0,09;0,078;0,074;0,074;0,075;0,08;0,079;0,076;0,079;0,077;0,077;0,086;0,08;0,082;0,08;0,08;0,08;0,105;0,109;0,106;0,106;0,111;0,11;0,069;0,068;0,066;0,065;0,068;0,065;0,067;0,066;0,068;0,069;0,07;0,069;0,087;0,071;0,072;0,079;0,082;0,088;0,074;0,073;0,074;0,074;0,073;0,072;0,107;0,08;0,081;0,08;0,079;0,077;0,097;0,092;0,09;0,092;0,097;0,091;0,058;0,058;0,057;0,07;0,062;0,058;0,058;0,057;0,058;0,056;0,061;0,057;0,184;0,2;0,225;0,226;0,219;0,215;0,292;0,255;0,314;0,314;0,299;0,301
;02:28:48;37;0,061;0,061;0,062;0,059;0,06;0,059;0,061;0,06;0,06;0,061;0,061;0,059;0,162;0,1;0,083;0,077;0,076;0,078;0,082;0,086;0,083;0,087;0,084;0,085;0,092;0,084;0,086;0,083;0,082;0,083;0,123;0,128;0,125;0,125;0,134;0,132;0,07;0,069;0,065;0,065;0,071;0,064;0,066;0,067;0,067;0,068;0,071;0,069;0,173;0,073;0,074;0,084;0,092;0,102;0,079;0,078;0,082;0,079;0,078;0,078;0,11;0,083;0,084;0,083;0,083;0,08;0,109;0,103;0,103;0,104;0,109;0,103;0,058;0,058;0,057;0,07;0,062;0,058;0,057;0,059;0,057;0,056;0,06;0,057;0,235;0,241;0,259;0,259;0,248;0,249;0,313;0,269;0,327;0,344;0,318;0,323
;02:43:48;37;0,061;0,061;0,061;0,059;0,06;0,059;0,06;0,064;0,06;0,059;0,061;0,059;0,188;0,117;0,091;0,081;0,08;0,082;0,105;0,098;0,094;0,099;0,095;0,097;0,1;0,088;0,09;0,088;0,086;0,087;0,148;0,153;0,151;0,153;0,159;0,158;0,07;0,069;0,066;0,065;0,072;0,064;0,066;0,067;0,067;0,069;0,071;0,07;0,196;0,076;0,078;0,091;0,105;0,122;0,088;0,086;0,087;0,088;0,086;0,082;0,118;0,088;0,087;0,084;0,087;0,083;0,127;0,121;0,125;0,122;0,126;0,121;0,058;0,058;0,057;0,07;0,062;0,058;0,059;0,057;0,057;0,056;0,06;0,058;0,258;0,27;0,276;0,282;0,255;0,252;0,333;0,279;0,343;0,359;0,335;0,334
;02:58:48;37;0,06;0,06;0,061;0,059;0,06;0,059;0,06;0,059;0,059;0,059;0,06;0,059;0,229;0,144;0,1;0,087;0,085;0,086;0,118;0,114;0,111;0,122;0,112;0,114;0,111;0,096;0,096;0,093;0,091;0,093;0,175;0,18;0,181;0,19;0,185;0,186;0,07;0,068;0,066;0,065;0,076;0,064;0,065;0,067;0,067;0,068;0,071;0,07;0,229;0,081;0,083;0,099;0,123;0,145;0,099;0,098;0,102;0,1;0,097;0,09;0,129;0,094;0,092;0,089;0,091;0,087;0,154;0,146;0,145;0,149;0,152;0,144;0,057;0,058;0,057;0,07;0,062;0,058;0,058;0,057;0,057;0,056;0,059;0,057;0,254;0,288;0,284;0,302;0,274;0,263;0,349;0,292;0,359;0,373;0,349;0,349
;03:13:48;36,9;0,06;0,06;0,061;0,059;0,06;0,059;0,064;0,059;0,059;0,059;0,06;0,059;0,244;0,165;0,114;0,094;0,092;0,093;0,148;0,137;0,133;0,139;0,137;0,137;0,117;0,105;0,104;0,1;0,098;0,108;0,203;0,216;0,221;0,229;0,228;0,232;0,07;0,068;0,064;0,064;0,079;0,063;0,065;0,067;0,066;0,068;0,071;0,07;0,252;0,086;0,09;0,113;0,14;0,17;0,116;0,113;0,119;0,12;0,115;0,102;0,141;0,102;0,099;0,095;0,094;0,099;0,177;0,17;0,169;0,171;0,176;0,169;0,058;0,058;0,057;0,07;0,062;0,058;0,059;0,057;0,057;0,056;0,058;0,058;0,275;0,31;0,321;0,318;0,289;0,282;0,362;0,325;0,376;0,405;0,365;0,361
;03:28:48;37;0,06;0,06;0,061;0,058;0,06;0,059;0,063;0,06;0,059;0,059;0,06;0,059;0,268;0,185;0,134;0,103;0,101;0,101;0,153;0,159;0,156;0,164;0,158;0,161;0,135;0,116;0,115;0,11;0,107;0,11;0,247;0,245;0,261;0,242;0,254;0,256;0,07;0,068;0,064;0,064;0,084;0,063;0,064;0,066;0,065;0,067;0,07;0,07;0,283;0,095;0,099;0,131;0,162;0,201;0,138;0,138;0,143;0,141;0,138;0,123;0,159;0,113;0,107;0,102;0,1;0,105;0,206;0,197;0,198;0,199;0,203;0,196;0,058;0,058;0,057;0,07;0,062;0,058;0,058;0,058;0,058;0,056;0,057;0,057;0,286;0,322;0,326;0,327;0,313;0,303;0,392;0,348;0,407;0,421;0,396;0,398
;03:43:48;37;0,06;0,06;0,061;0,058;0,06;0,059;0,064;0,059;0,059;0,059;0,06;0,059;0,283;0,224;0,15;0,115;0,113;0,114;0,178;0,196;0,184;0,206;0,195;0,193;0,153;0,15;0,128;0,153;0,119;0,124;0,262;0,255;0,288;0,258;0,276;0,25;0,071;0,069;0,064;0,063;0,086;0,063;0,064;0,065;0,065;0,066;0,07;0,07;0,31;0,106;0,11;0,149;0,187;0,241;0,163;0,164;0,168;0,167;0,162;0,149;0,175;0,126;0,118;0,112;0,111;0,108;0,252;0,237;0,233;0,239;0,246;0,248;0,057;0,058;0,057;0,07;0,062;0,057;0,059;0,057;0,058;0,056;0,057;0,057;0,303;0,331;0,346;0,338;0,326;0,313;0,416;0,364;0,431;0,429;0,421;0,416
;03:58:48;37;0,06;0,06;0,061;0,058;0,06;0,059;0,059;0,059;0,059;0,06;0,06;0,059;0,305;0,253;0,169;0,134;0,129;0,132;0,243;0,239;0,233;0,244;0,227;0,236;0,172;0,174;0,143;0,134;0,13;0,168;0,284;0,278;0,311;0,325;0,304;0,28;0,069;0,068;0,063;0,063;0,09;0,063;0,064;0,065;0,064;0,066;0,069;0,069;0,336;0,119;0,126;0,167;0,229;0,264;0,209;0,214;0,2;0,211;0,204;0,173;0,19;0,145;0,131;0,125;0,124;0,12;0,261;0,259;0,262;0,262;0,262;0,256;0,058;0,058;0,057;0,07;0,063;0,058;0,059;0,058;0,057;0,056;0,057;0,058;0,315;0,339;0,348;0,35;0,333;0,328;0,435;0,384;0,45;0,438;0,442;0,438
;04:13:48;37;0,06;0,059;0,061;0,058;0,059;0,059;0,06;0,06;0,059;0,059;0,061;0,059;0,318;0,285;0,188;0,149;0,146;0,145;0,257;0,238;0,237;0,241;0,238;0,25;0,188;0,195;0,165;0,157;0,151;0,159;0,303;0,298;0,325;0,335;0,318;0,304;0,069;0,068;0,063;0,063;0,093;0,063;0,063;0,064;0,064;0,065;0,068;0,069;0,354;0,14;0,143;0,185;0,239;0,291;0,228;0,244;0,238;0,243;0,237;0,225;0,206;0,16;0,151;0,143;0,136;0,135;0,284;0,282;0,284;0,286;0,284;0,275;0,058;0,058;0,057;0,07;0,062;0,058;0,058;0,058;0,058;0,056;0,057;0,057;0,336;0,356;0,372;0,367;0,343;0,343;0,45;0,406;0,464;0,466;0,457;0,456
;04:28:48;37;0,06;0,06;0,061;0,058;0,06;0,059;0,06;0,06;0,059;0,059;0,06;0,059;0,323;0,281;0,22;0,164;0,16;0,16;0,265;0,259;0,256;0,258;0,26;0,267;0,204;0,211;0,18;0,184;0,166;0,182;0,312;0,309;0,337;0,343;0,345;0,317;0,072;0,068;0,063;0,063;0,095;0,062;0,063;0,064;0,063;0,064;0,067;0,068;0,376;0,155;0,159;0,21;0,258;0,303;0,237;0,266;0,255;0,261;0,249;0,246;0,224;0,176;0,166;0,158;0,159;0,152;0,298;0,3;0,301;0,3;0,297;0,296;0,058;0,058;0,057;0,07;0,063;0,058;0,059;0,056;0,058;0,056;0,057;0,056;0,359;0,374;0,387;0,384;0,368;0,365;0,468;0,424;0,478;0,47;0,474;0,472
;04:43:48;37;0,06;0,06;0,06;0,058;0,059;0,059;0,06;0,065;0,06;0,059;0,06;0,059;0,344;0,324;0,242;0,178;0,176;0,17;0,298;0,285;0,275;0,282;0,278;0,284;0,232;0,201;0,199;0,194;0,184;0,205;0,329;0,327;0,36;0,375;0,371;0,328;0,073;0,068;0,063;0,063;0,1;0,062;0,062;0,064;0,063;0,064;0,067;0,067;0,292;0,169;0,175;0,245;0,278;0,31;0,272;0,291;0,291;0,287;0,272;0,261;0,241;0,215;0,182;0,175;0,168;0,167;0,315;0,314;0,312;0,31;0,307;0,311;0,058;0,058;0,057;0,07;0,063;0,057;0,058;0,056;0,058;0,056;0,057;0,057;0,376;0,39;0,41;0,399;0,376;0,382;0,475;0,431;0,493;0,501;0,474;0,475
;04:58:48;37;0,06;0,059;0,061;0,058;0,059;0,059;0,062;0,064;0,06;0,061;0,06;0,058;0,366;0,342;0,251;0,204;0,192;0,211;0,316;0,299;0,296;0,291;0,295;0,299;0,264;0,231;0,211;0,218;0,196;0,235;0,339;0,336;0,367;0,387;0,381;0,346;0,068;0,067;0,063;0,063;0,109;0,062;0,062;0,063;0,063;0,064;0,066;0,066;0,328;0,18;0,19;0,265;0,3;0,32;0,293;0,309;0,301;0,298;0,287;0,284;0,271;0,218;0,207;0,185;0,183;0,185;0,327;0,334;0,325;0,323;0,324;0,33;0,058;0,058;0,057;0,07;0,061;0,057;0,059;0,057;0,059;0,056;0,057;0,057;0,392;0,398;0,433;0,41;0,393;0,401;0,499;0,456;0,506;0,515;0,503;0,494
;05:13:48;37;0,06;0,059;0,06;0,058;0,059;0,059;0,061;0,063;0,06;0,059;0,06;0,058;0,386;0,356;0,258;0,231;0,22;0,23;0,326;0,315;0,31;0,302;0,306;0,316;0,291;0,291;0,251;0,245;0,218;0,275;0,362;0,378;0,399;0,418;0,408;0,377;0,069;0,067;0,063;0,063;0,123;0,062;0,062;0,063;0,062;0,064;0,065;0,066;0,365;0,211;0,227;0,275;0,318;0,325;0,318;0,317;0,321;0,308;0,3;0,298;0,288;0,249;0,232;0,203;0,195;0,195;0,346;0,345;0,339;0,327;0,331;0,336;0,058;0,059;0,057;0,07;0,062;0,058;0,057;0,057;0,058;0,056;0,058;0,057;0,408;0,416;0,451;0,422;0,41;0,418;0,515;0,468;0,521;0,528;0,511;0,512
;05:28:48;37;0,059;0,059;0,06;0,058;0,059;0,059;0,063;0,059;0,06;0,061;0,06;0,058;0,408;0,365;0,274;0,239;0,244;0,255;0,334;0,328;0,323;0,335;0,327;0,338;0,294;0,268;0,268;0,251;0,233;0,279;0,38;0,404;0,429;0,45;0,436;0,413;0,069;0,067;0,063;0,062;0,141;0,062;0,063;0,063;0,062;0,063;0,065;0,065;0,38;0,239;0,244;0,284;0,324;0,348;0,326;0,324;0,337;0,333;0,311;0,304;0,304;0,27;0,238;0,224;0,212;0,213;0,375;0,368;0,361;0,355;0,359;0,343;0,058;0,059;0,057;0,07;0,061;0,058;0,059;0,057;0,058;0,056;0,057;0,057;0,429;0,421;0,474;0,434;0,431;0,431;0,539;0,485;0,537;0,579;0,546;0,531
;05:43:48;36,9;0,059;0,059;0,06;0,058;0,059;0,059;0,062;0,066;0,06;0,059;0,06;0,058;0,416;0,391;0,289;0,242;0,259;0,266;0,359;0,355;0,347;0,351;0,35;0,358;0,305;0,277;0,282;0,263;0,287;0,306;0,402;0,428;0,449;0,472;0,457;0,435;0,072;0,067;0,063;0,063;0,175;0,062;0,061;0,062;0,062;0,063;0,065;0,065;0,414;0,241;0,253;0,291;0,344;0,361;0,349;0,343;0,351;0,344;0,321;0,324;0,318;0,274;0,268;0,251;0,241;0,233;0,409;0,401;0,388;0,388;0,379;0,378;0,058;0,058;0,057;0,07;0,061;0,058;0,057;0,057;0,058;0,056;0,057;0,058;0,445;0,435;0,491;0,451;0,45;0,455;0,55;0,5;0,549;0,59;0,551;0,543
;05:58:48;37;0,059;0,059;0,06;0,058;0,059;0,059;0,063;0,061;0,06;0,059;0,06;0,058;0,435;0,401;0,296;0,256;0,268;0,268;0,382;0,384;0,377;0,381;0,38;0,381;0,314;0,298;0,29;0,275;0,27;0,331;0,427;0,45;0,468;0,496;0,481;0,455;0,072;0,066;0,063;0,063;0,21;0,062;0,061;0,062;0,061;0,063;0,065;0,064;0,44;0,258;0,26;0,298;0,361;0,389;0,362;0,362;0,371;0,363;0,337;0,336;0,337;0,29;0,287;0,265;0,256;0,256;0,436;0,427;0,409;0,411;0,411;0,402;0,058;0,059;0,057;0,07;0,06;0,057;0,059;0,057;0,058;0,056;0,057;0,058;0,463;0,448;0,508;0,471;0,469;0,474;0,571;0,517;0,561;0,592;0,57;0,56
;06:13:48;37;0,059;0,059;0,06;0,058;0,059;0,058;0,064;0,065;0,06;0,061;0,06;0,058;0,45;0,437;0,311;0,276;0,279;0,282;0,408;0,407;0,403;0,409;0,405;0,405;0,319;0,31;0,305;0,309;0,282;0,347;0,444;0,473;0,507;0,513;0,499;0,477;0,071;0,066;0,062;0,063;0,239;0,062;0,061;0,062;0,061;0,063;0,064;0,064;0,368;0,28;0,272;0,309;0,376;0,411;0,382;0,392;0,387;0,39;0,353;0,359;0,346;0,302;0,299;0,277;0,276;0,275;0,456;0,449;0,433;0,434;0,438;0,425;0,058;0,058;0,057;0,07;0,06;0,057;0,058;0,057;0,058;0,056;0,057;0,058;0,48;0,464;0,526;0,486;0,489;0,494;0,583;0,54;0,575;0,621;0,583;0,578
;06:28:48;37;0,059;0,059;0,06;0,058;0,059;0,059;0,064;0,064;0,06;0,061;0,06;0,058;0,463;0,456;0,324;0,29;0,29;0,303;0,43;0,427;0,424;0,431;0,426;0,425;0,329;0,327;0,311;0,32;0,301;0,362;0,47;0,494;0,534;0,525;0,508;0,497;0,068;0,066;0,064;0,062;0,239;0,062;0,061;0,062;0,061;0,062;0,064;0,064;0,375;0,3;0,283;0,319;0,396;0,426;0,395;0,417;0,41;0,41;0,389;0,374;0,361;0,315;0,314;0,292;0,287;0,286;0,478;0,469;0,447;0,457;0,457;0,448;0,058;0,058;0,057;0,07;0,062;0,056;0,059;0,057;0,058;0,056;0,057;0,057;0,498;0,476;0,549;0,503;0,512;0,513;0,598;0,559;0,588;0,665;0,595;0,593
;06:43:48;37;0,059;0,059;0,06;0,058;0,059;0,059;0,064;0,064;0,06;0,061;0,06;0,058;0,477;0,468;0,338;0,305;0,295;0,306;0,448;0,447;0,443;0,451;0,446;0,443;0,343;0,335;0,314;0,325;0,309;0,393;0,488;0,511;0,554;0,552;0,54;0,535;0,066;0,066;0,062;0,062;0,256;0,062;0,061;0,062;0,061;0,062;0,065;0,064;0,356;0,318;0,291;0,328;0,415;0,435;0,419;0,435;0,433;0,427;0,405;0,389;0,386;0,329;0,323;0,301;0,304;0,298;0,496;0,484;0,458;0,474;0,475;0,467;0,058;0,059;0,057;0,07;0,062;0,057;0,057;0,057;0,058;0,056;0,057;0,058;0,515;0,49;0,567;0,516;0,534;0,535;0,621;0,573;0,601;0,64;0,613;0,61
;06:58:48;37;0,059;0,059;0,06;0,058;0,059;0,059;0,059;0,065;0,06;0,061;0,06;0,058;0,493;0,483;0,356;0,323;0,307;0,317;0,475;0,469;0,468;0,47;0,467;0,463;0,357;0,354;0,324;0,34;0,31;0,396;0,512;0,568;0,585;0,559;0,561;0,553;0,071;0,066;0,062;0,062;0,255;0,064;0,061;0,062;0,061;0,062;0,064;0,064;0,371;0,334;0,301;0,346;0,435;0,446;0,44;0,453;0,449;0,447;0,432;0,422;0,396;0,345;0,334;0,311;0,31;0,31;0,515;0,501;0,514;0,493;0,493;0,492;0,058;0,058;0,057;0,07;0,062;0,057;0,057;0,057;0,058;0,056;0,058;0,058;0,536;0,499;0,583;0,53;0,55;0,548;0,633;0,588;0,617;0,71;0,629;0,625
;07:13:48;37;0,059;0,059;0,06;0,058;0,059;0,058;0,06;0,065;0,06;0,06;0,06;0,058;0,506;0,501;0,378;0,34;0,326;0,333;0,495;0,487;0,487;0,489;0,486;0,48;0,371;0,353;0,338;0,35;0,325;0,407;0,532;0,597;0,593;0,593;0,587;0,571;0,071;0,066;0,062;0,062;0,277;0,062;0,061;0,061;0,061;0,062;0,064;0,063;0,377;0,35;0,319;0,366;0,445;0,463;0,45;0,467;0,46;0,459;0,445;0,441;0,407;0,357;0,344;0,317;0,317;0,318;0,528;0,514;0,533;0,508;0,508;0,511;0,058;0,058;0,057;0,07;0,062;0,057;0,058;0,057;0,057;0,056;0,057;0,058;0,55;0,514;0,601;0,543;0,566;0,566;0,648;0,601;0,633;0,685;0,635;0,648
;07:28:48;37;0,059;0,059;0,06;0,058;0,059;0,058;0,059;0,065;0,06;0,061;0,06;0,058;0,523;0,536;0,385;0,348;0,342;0,343;0,515;0,509;0,517;0,507;0,504;0,502;0,393;0,37;0,36;0,357;0,333;0,408;0,552;0,614;0,621;0,611;0,599;0,597;0,071;0,066;0,062;0,062;0,284;0,065;0,063;0,062;0,061;0,062;0,063;0,063;0,392;0,362;0,329;0,382;0,479;0,476;0,469;0,488;0,481;0,476;0,465;0,464;0,423;0,43;0,354;0,326;0,344;0,328;0,543;0,525;0,537;0,585;0,521;0,524;0,058;0,059;0,057;0,07;0,061;0,057;0,059;0,057;0,058;0,056;0,057;0,057;0,566;0,527;0,615;0,557;0,582;0,581;0,662;0,614;0,646;0,698;0,652;0,653
;07:43:48;37;0,059;0,059;0,06;0,058;0,059;0,058;0,061;0,064;0,06;0,061;0,06;0,058;0,573;0,56;0,407;0,376;0,361;0,368;0,536;0,524;0,532;0,522;0,522;0,572;0,4;0,394;0,378;0,38;0,356;0,378;0,612;0,637;0,638;0,618;0,619;0,61;0,071;0,065;0,062;0,062;0,299;0,065;0,061;0,061;0,061;0,062;0,063;0,063;0,425;0,383;0,34;0,391;0,511;0,484;0,48;0,497;0,495;0,489;0,484;0,476;0,434;0,388;0,372;0,334;0,341;0,337;0,555;0,538;0,555;0,599;0,535;0,535;0,058;0,058;0,057;0,07;0,063;0,057;0,057;0,057;0,058;0,056;0,057;0,057;0,575;0,54;0,63;0,571;0,601;0,598;0,673;0,625;0,658;0,713;0,667;0,667
;07:58:48;37;0,059;0,059;0,06;0,058;0,059;0,058;0,062;0,064;0,06;0,061;0,06;0,058;0,62;0,558;0,427;0,386;0,373;0,381;0,545;0,583;0,545;0,565;0,572;0,589;0,408;0,405;0,39;0,401;0,365;0,414;0,621;0,645;0,649;0,648;0,631;0,605;0,071;0,066;0,062;0,062;0,314;0,061;0,061;0,061;0,061;0,062;0,063;0,063;0,433;0,397;0,362;0,402;0,559;0,49;0,49;0,5;0,511;0,495;0,489;0,493;0,442;0,404;0,392;0,359;0,373;0,357;0,566;0,548;0,564;0,607;0,545;0,55;0,058;0,059;0,057;0,07;0,062;0,057;0,057;0,056;0,057;0,056;0,057;0,058;0,582;0,554;0,637;0,583;0,612;0,613;0,685;0,637;0,672;0,728;0,678;0,684
;08:13:48;37;0,059;0,059;0,06;0,058;0,059;0,058;0,061;0,064;0,059;0,061;0,06;0,058;0,612;0,596;0,463;0,396;0,383;0,392;0,612;0,593;0,609;0,594;0,585;0,591;0,417;0,416;0,398;0,408;0,383;0,432;0,619;0,652;0,663;0,651;0,67;0,631;0,07;0,066;0,062;0,062;0,329;0,061;0,061;0,061;0,06;0,062;0,063;0,063;0,441;0,402;0,374;0,429;0,592;0,499;0,5;0,513;0,52;0,509;0,504;0,505;0,451;0,418;0,408;0,371;0,384;0,37;0,639;0,621;0,545;0,62;0,601;0,561;0,058;0,059;0,057;0,07;0,063;0,057;0,058;0,057;0,057;0,056;0,057;0,058;0,59;0,565;0,648;0,595;0,625;0,623;0,7;0,649;0,685;0,734;0,698;0,698
;08:28:48;37;0,059;0,059;0,06;0,058;0,059;0,058;0,06;0,064;0,059;0,061;0,06;0,058;0,628;0,608;0,464;0,406;0,392;0,402;0,588;0,597;0,606;0,596;0,598;0,612;0,426;0,422;0,404;0,411;0,391;0,425;0,631;0,659;0,669;0,658;0,675;0,651;0,07;0,066;0,062;0,062;0,345;0,063;0,061;0,061;0,06;0,062;0,063;0,063;0,445;0,408;0,383;0,445;0,591;0,56;0,549;0,531;0,584;0,586;0,55;0,519;0,46;0,422;0,42;0,385;0,391;0,387;0,646;0,625;0,554;0,631;0,609;0,58;0,058;0,058;0,057;0,07;0,062;0,057;0,058;0,057;0,058;0,056;0,057;0,058;0,607;0,578;0,664;0,606;0,639;0,634;0,714;0,66;0,696;0,752;0,711;0,709
;08:43:48;37;0,059;0,059;0,06;0,058;0,059;0,058;0,062;0,064;0,059;0,059;0,06;0,058;0,64;0,59;0,484;0,419;0,403;0,418;0,626;0,628;0,621;0,616;0,617;0,617;0,444;0,434;0,416;0,425;0,397;0,434;0,647;0,672;0,681;0,673;0,701;0,656;0,071;0,066;0,062;0,062;0,364;0,062;0,061;0,061;0,06;0,062;0,063;0,063;0,464;0,412;0,394;0,456;0,596;0,568;0,598;0,569;0,598;0,591;0,571;0,531;0,466;0,44;0,431;0,397;0,404;0,399;0,655;0,628;0,563;0,638;0,628;0,599;0,058;0,058;0,057;0,07;0,062;0,057;0,058;0,057;0,058;0,056;0,057;0,058;0,62;0,585;0,672;0,616;0,651;0,645;0,73;0,671;0,706;0,762;0,723;0,722
;08:58:48;37;0,059;0,059;0,06;0,058;0,059;0,058;0,062;0,064;0,059;0,061;0,06;0,058;0,658;0,582;0,491;0,436;0,415;0,433;0,624;0,635;0,633;0,628;0,631;0,631;0,445;0,45;0,432;0,44;0,4;0,444;0,665;0,685;0,695;0,673;0,705;0,679;0,066;0,067;0,062;0,062;0,372;0,063;0,061;0,061;0,061;0,061;0,063;0,063;0,481;0,442;0,408;0,466;0,626;0,577;0,6;0,584;0,57;0,607;0,583;0,55;0,475;0,445;0,437;0,407;0,417;0,409;0,665;0,631;0,574;0,636;0,625;0,613;0,058;0,059;0,057;0,07;0,063;0,057;0,057;0,057;0,058;0,056;0,057;0,057;0,637;0,592;0,689;0,627;0,667;0,655;0,746;0,684;0,719;0,774;0,738;0,733
;09:13:48;37;0,059;0,059;0,06;0,058;0,059;0,058;0,063;0,066;0,06;0,06;0,06;0,058;0,669;0,591;0,497;0,449;0,429;0,45;0,637;0,646;0,649;0,637;0,639;0,643;0,465;0,458;0,434;0,446;0,404;0,46;0,672;0,698;0,705;0,71;0,725;0,683;0,068;0,068;0,062;0,062;0,395;0,062;0,063;0,061;0,06;0,062;0,063;0,065;0,492;0,457;0,423;0,478;0,633;0,582;0,611;0,583;0,599;0,61;0,605;0,557;0,484;0,459;0,441;0,416;0,421;0,425;0,675;0,642;0,579;0,648;0,628;0,617;0,057;0,059;0,057;0,07;0,063;0,058;0,058;0,057;0,058;0,056;0,057;0,058;0,643;0,604;0,697;0,638;0,675;0,668;0,759;0,697;0,731;0,8;0,749;0,748
;09:28:48;37;0,059;0,059;0,06;0,058;0,059;0,058;0,061;0,066;0,059;0,061;0,06;0,058;0,689;0,608;0,517;0,46;0,441;0,461;0,658;0,658;0,667;0,646;0,669;0,66;0,474;0,475;0,458;0,465;0,423;0,468;0,685;0,717;0,723;0,696;0,731;0,709;0,067;0,07;0,062;0,062;0,404;0,062;0,062;0,061;0,06;0,062;0,063;0,065;0,507;0,469;0,444;0,488;0,629;0,593;0,62;0,602;0,605;0,631;0,61;0,571;0,495;0,47;0,449;0,422;0,452;0,425;0,685;0,664;0,59;0,66;0,637;0,626;0,059;0,058;0,057;0,07;0,062;0,057;0,058;0,057;0,058;0,056;0,057;0,058;0,659;0,613;0,712;0,649;0,691;0,678;0,777;0,712;0,746;0,801;0,763;0,757
;09:43:48;37;0,059;0,059;0,06;0,058;0,059;0,058;0,06;0,066;0,059;0,061;0,06;0,058;0,705;0,616;0,53;0,473;0,452;0,475;0,676;0,678;0,676;0,673;0,68;0,676;0,489;0,49;0,468;0,479;0,444;0,486;0,701;0,73;0,735;0,715;0,75;0,724;0,068;0,073;0,062;0,062;0,423;0,062;0,062;0,061;0,06;0,061;0,063;0,066;0,52;0,479;0,459;0,5;0,631;0,6;0,624;0,605;0,619;0,636;0,629;0,578;0,502;0,485;0,455;0,432;0,436;0,433;0,698;0,66;0,6;0,652;0,634;0,636;0,059;0,059;0,057;0,07;0,062;0,056;0,058;0,057;0,058;0,056;0,057;0,058;0,666;0,629;0,724;0,659;0,699;0,692;0,789;0,725;0,756;0,82;0,778;0,773
;09:58:48;37;0,059;0,059;0,06;0,059;0,059;0,058;0,062;0,066;0,059;0,061;0,06;0,058;0,714;0,631;0,545;0,483;0,463;0,483;0,69;0,689;0,693;0,693;0,697;0,69;0,504;0,5;0,477;0,49;0,456;0,495;0,714;0,746;0,748;0,731;0,761;0,738;0,071;0,078;0,062;0,062;0,435;0,062;0,062;0,061;0,06;0,061;0,063;0,068;0,529;0,485;0,47;0,511;0,643;0,607;0,638;0,612;0,629;0,643;0,625;0,597;0,51;0,497;0,468;0,439;0,46;0,439;0,712;0,666;0,611;0,675;0,647;0,642;0,059;0,058;0,057;0,07;0,06;0,056;0,057;0,057;0,058;0,056;0,057;0,058;0,68;0,635;0,737;0,67;0,704;0,703;0,801;0,748;0,767;0,826;0,79;0,782
;10:13:48;37;0,059;0,059;0,06;0,059;0,059;0,058;0,063;0,066;0,059;0,061;0,06;0,058;0,731;0,641;0,563;0,495;0,472;0,499;0,7;0,703;0,713;0,709;0,714;0,703;0,516;0,513;0,489;0,501;0,466;0,508;0,73;0,764;0,759;0,766;0,804;0,748;0,069;0,085;0,062;0,062;0,453;0,063;0,061;0,061;0,06;0,061;0,063;0,072;0,54;0,496;0,481;0,524;0,64;0,618;0,646;0,624;0,632;0,656;0,638;0,61;0,516;0,507;0,478;0,448;0,464;0,449;0,713;0,673;0,62;0,686;0,665;0,649;0,059;0,058;0,057;0,07;0,057;0,056;0,058;0,057;0,059;0,056;0,057;0,058;0,675;0,646;0,749;0,682;0,72;0,719;0,812;0,763;0,777;0,855;0,8;0,797
;10:28:48;37;0,059;0,059;0,06;0,059;0,059;0,058;0,059;0,063;0,059;0,061;0,06;0,058;0,747;0,655;0,576;0,506;0,484;0,51;0,722;0,722;0,727;0,73;0,724;0,717;0,528;0,525;0,5;0,51;0,48;0,518;0,751;0,801;0,794;0,792;0,818;0,769;0,071;0,097;0,062;0,062;0,461;0,062;0,061;0,061;0,06;0,061;0,063;0,078;0,551;0,507;0,5;0,529;0,671;0,628;0,664;0,64;0,646;0,672;0,646;0,621;0,523;0,516;0,489;0,459;0,473;0,456;0,726;0,686;0,632;0,692;0,666;0,662;0,058;0,058;0,057;0,07;0,058;0,057;0,057;0,057;0,058;0,056;0,057;0,058;0,691;0,654;0,765;0,691;0,737;0,73;0,825;0,791;0,787;0,849;0,811;0,808
;10:43:48;37;0,059;0,059;0,06;0,059;0,059;0,058;0,058;0,063;0,059;0,061;0,06;0,058;0,778;0,668;0,591;0,517;0,494;0,524;0,734;0,741;0,745;0,75;0,735;0,732;0,545;0,533;0,518;0,516;0,489;0,53;0,774;0,822;0,808;0,81;0,839;0,803;0,074;0,112;0,062;0,062;0,48;0,061;0,061;0,061;0,06;0,061;0,063;0,088;0,554;0,512;0,507;0,54;0,68;0,64;0,66;0,637;0,653;0,674;0,656;0,626;0,529;0,526;0,496;0,469;0,475;0,471;0,739;0,698;0,642;0,706;0,682;0,666;0,058;0,059;0,057;0,07;0,057;0,057;0,058;0,057;0,058;0,056;0,057;0,058;0,706;0,668;0,772;0,702;0,745;0,74;0,84;0,785;0,798;0,872;0,82;0,821
;10:58:48;37;0,059;0,059;0,06;0,059;0,059;0,058;0,059;0,065;0,06;0,061;0,06;0,058;0,781;0,686;0,613;0,536;0,504;0,547;0,749;0,77;0,759;0,774;0,758;0,755;0,562;0,552;0,522;0,533;0,5;0,54;0,8;0,838;0,825;0,821;0,848;0,818;0,077;0,134;0,062;0,062;0,486;0,061;0,062;0,061;0,06;0,061;0,063;0,1;0,563;0,522;0,518;0,547;0,681;0,648;0,672;0,657;0,665;0,685;0,671;0,64;0,538;0,538;0,505;0,478;0,488;0,485;0,751;0,711;0,654;0,718;0,695;0,682;0,058;0,058;0,057;0,07;0,058;0,057;0,058;0,057;0,058;0,056;0,057;0,058;0,718;0,675;0,785;0,711;0,761;0,753;0,852;0,79;0,809;0,88;0,836;0,83
;11:13:48;37;0,059;0,059;0,06;0,059;0,059;0,058;0,059;0,066;0,059;0,061;0,06;0,058;0,797;0,7;0,619;0,548;0,515;0,562;0,791;0,797;0,792;0,799;0,791;0,781;0,57;0,565;0,534;0,552;0,513;0,556;0,813;0,851;0,838;0,834;0,861;0,834;0,08;0,166;0,062;0,062;0,5;0,062;0,062;0,061;0,06;0,061;0,064;0,117;0,573;0,534;0,528;0,558;0,704;0,66;0,693;0,673;0,68;0,698;0,674;0,65;0,545;0,546;0,513;0,486;0,491;0,49;0,766;0,721;0,664;0,733;0,713;0,693;0,058;0,059;0,057;0,07;0,058;0,057;0,058;0,057;0,058;0,056;0,057;0,058;0,73;0,688;0,795;0,723;0,774;0,763;0,862;0,79;0,818;0,897;0,847;0,841
;11:28:48;37;0,059;0,059;0,06;0,059;0,059;0,058;0,059;0,063;0,059;0,061;0,06;0,058;0,809;0,715;0,627;0,56;0,529;0,57;0,818;0,815;0,811;0,818;0,802;0,796;0,578;0,575;0,554;0,562;0,523;0,575;0,823;0,859;0,846;0,849;0,875;0,847;0,086;0,237;0,062;0,062;0,522;0,063;0,062;0,061;0,06;0,061;0,064;0,142;0,584;0,542;0,537;0,565;0,71;0,665;0,7;0,68;0,686;0,705;0,695;0,658;0,548;0,554;0,52;0,495;0,503;0,496;0,78;0,734;0,673;0,744;0,728;0,705;0,058;0,059;0,057;0,07;0,057;0,057;0,058;0,057;0,059;0,056;0,057;0,058;0,73;0,699;0,802;0,734;0,783;0,768;0,884;0,787;0,827;0,937;0,853;0,854
;11:43:48;37;0,059;0,059;0,06;0,059;0,059;0,058;0,059;0,064;0,059;0,061;0,06;0,058;0,82;0,733;0,644;0,566;0,544;0,579;0,824;0,826;0,824;0,824;0,806;0,805;0,589;0,592;0,562;0,577;0,544;0,58;0,838;0,864;0,861;0,867;0,886;0,857;0,095;0,234;0,062;0,062;0,521;0,063;0,062;0,061;0,06;0,061;0,065;0,179;0,595;0,557;0,548;0,574;0,724;0,675;0,721;0,689;0,694;0,712;0,71;0,681;0,559;0,57;0,529;0,506;0,511;0,502;0,795;0,757;0,676;0,766;0,739;0,723;0,058;0,058;0,057;0,07;0,058;0,057;0,058;0,056;0,058;0,055;0,057;0,058;0,744;0,706;0,82;0,745;0,8;0,778;0,927;0,794;0,836;0,943;0,88;0,859
;11:58:48;36,9;0,059;0,059;0,06;0,059;0,059;0,058;0,059;0,064;0,059;0,061;0,06;0,058;0,843;0,761;0,654;0,583;0,553;0,592;0,843;0,843;0,838;0,85;0,835;0,821;0,598;0,596;0,576;0,583;0,558;0,598;0,845;0,886;0,875;0,899;0,91;0,876;0,11;0,253;0,062;0,062;0,54;0,061;0,062;0,061;0,06;0,061;0,067;0,208;0,6;0,564;0,549;0,585;0,733;0,684;0,71;0,704;0,708;0,721;0,722;0,681;0,564;0,577;0,537;0,522;0,521;0,514;0,809;0,769;0,694;0,772;0,758;0,734;0,057;0,059;0,057;0,07;0,059;0,057;0,057;0,056;0,058;0,055;0,06;0,058;0,749;0,721;0,821;0,752;0,803;0,79;0,942;0,792;0,849;0,942;0,914;0,885
;12:13:48;37;0,059;0,059;0,06;0,059;0,059;0,058;0,059;0,063;0,059;0,061;0,06;0,058;0,854;0,775;0,667;0,591;0,563;0,601;0,861;0,861;0,853;0,866;0,846;0,831;0,603;0,602;0,584;0,591;0,568;0,603;0,861;0,904;0,893;0,907;0,907;0,897;0,126;0,28;0,062;0,062;0,553;0,061;0,062;0,061;0,06;0,061;0,069;0,218;0,605;0,572;0,563;0,589;0,744;0,695;0,738;0,712;0,723;0,735;0,732;0,695;0,571;0,587;0,544;0,526;0,525;0,519;0,811;0,769;0,704;0,772;0,762;0,753;0,058;0,058;0,057;0,07;0,058;0,057;0,058;0,056;0,058;0,055;0,057;0,058;0,769;0,73;0,837;0,762;0,818;0,799;0,942;0,793;0,872;0,942;0,931;0,901
;12:28:48;37;0,059;0,059;0,06;0,059;0,059;0,058;0,059;0,063;0,059;0,061;0,06;0,058;0,885;0,786;0,674;0,601;0,573;0,615;0,871;0,879;0,871;0,879;0,861;0,848;0,612;0,611;0,592;0,598;0,577;0,612;0,88;0,907;0,909;0,906;0,911;0,921;0,153;0,287;0,062;0,062;0,563;0,061;0,061;0,061;0,06;0,061;0,072;0,24;0,609;0,582;0,569;0,599;0,739;0,708;0,747;0,722;0,727;0,752;0,744;0,713;0,577;0,592;0,554;0,531;0,529;0,528;0,818;0,78;0,718;0,784;0,773;0,767;0,058;0,058;0,057;0,07;0,056;0,057;0,057;0,056;0,058;0,056;0,056;0,058;0,785;0,74;0,855;0,767;0,832;0,81;0,947;0,794;0,888;0,94;0,932;0,93
;12:43:48;37;0,059;0,059;0,06;0,059;0,059;0,058;0,059;0,063;0,059;0,061;0,06;0,058;0,89;0,801;0,691;0,607;0,581;0,626;0,869;0,892;0,882;0,885;0,869;0,86;0,625;0,629;0,602;0,61;0,588;0,615;0,892;0,905;0,911;0,908;0,915;0,915;0,2;0,293;0,062;0,062;0,571;0,061;0,062;0,061;0,06;0,061;0,078;0,261;0,618;0,592;0,582;0,603;0,751;0,731;0,768;0,743;0,749;0,771;0,767;0,738;0,586;0,602;0,564;0,538;0,537;0,534;0,815;0,792;0,728;0,794;0,784;0,781;0,058;0,058;0,057;0,07;0,063;0,057;0,058;0,057;0,058;0,056;0,056;0,058;0,796;0,746;0,898;0,777;0,873;0,818;0,949;0,799;0,908;0,945;0,934;0,932
;12:58:48;37;0,059;0,059;0,06;0,059;0,059;0,058;0,059;0,066;0,059;0,061;0,06;0,058;0,887;0,813;0,716;0,617;0,591;0,634;0,894;0,898;0,892;0,896;0,881;0,878;0,632;0,631;0,613;0,615;0,599;0,627;0,9;0,913;0,912;0,913;0,917;0,923;0,24;0,306;0,062;0,062;0,589;0,062;0,062;0,061;0,06;0,061;0,087;0,274;0,625;0,598;0,587;0,615;0,748;0,732;0,794;0,754;0,765;0,789;0,785;0,747;0,59;0,607;0,569;0,542;0,546;0,541;0,816;0,804;0,739;0,801;0,795;0,788;0,058;0,058;0,057;0,07;0,061;0,057;0,058;0,056;0,058;0,056;0,057;0,058;0,807;0,752;0,893;0,81;0,887;0,863;0,947;0,796;0,924;0,944;0,933;0,935
;13:13:48;37;0,059;0,059;0,06;0,059;0,059;0,058;0,06;0,063;0,059;0,061;0,06;0,058;0,894;0,818;0,747;0,626;0,601;0,64;0,892;0,898;0,895;0,899;0,886;0,881;0,644;0,641;0,622;0,625;0,605;0,639;0,904;0,915;0,917;0,914;0,919;0,926;0,244;0,322;0,062;0,062;0,599;0,062;0,062;0,061;0,06;0,061;0,1;0,279;0,633;0,607;0,59;0,623;0,757;0,745;0,802;0,753;0,771;0,803;0,785;0,761;0,596;0,616;0,578;0,547;0,551;0,548;0,826;0,814;0,75;0,808;0,803;0,797;0,058;0,058;0,057;0,07;0,06;0,057;0,059;0,057;0,059;0,055;0,056;0,058;0,844;0,759;0,896;0,847;0,888;0,869;0,944;0,796;0,925;0,945;0,932;0,936
;13:28:48;37;0,059;0,059;0,06;0,059;0,059;0,058;0,062;0,064;0,059;0,061;0,06;0,058;0,902;0,829;0,764;0,634;0,608;0,646;0,889;0,9;0,889;0,892;0,885;0,879;0,658;0,66;0,633;0,644;0,617;0,642;0,907;0,915;0,919;0,912;0,917;0,924;0,255;0,336;0,062;0,062;0,602;0,065;0,062;0,061;0,06;0,061;0,117;0,307;0,643;0,621;0,603;0,628;0,764;0,749;0,805;0,768;0,778;0,799;0,794;0,77;0,604;0,626;0,589;0,56;0,56;0,554;0,836;0,826;0,758;0,822;0,812;0,809;0,058;0,059;0,057;0,072;0,059;0,057;0,057;0,056;0,058;0,056;0,056;0,058;0,86;0,766;0,917;0,853;0,903;0,878;0,945;0,802;0,925;0,946;0,936;0,935
;13:43:48;37;0,059;0,059;0,06;0,059;0,059;0,058;0,064;0,063;0,059;0,061;0,06;0,058;0,898;0,848;0,769;0,639;0,619;0,658;0,898;0,908;0,895;0,902;0,894;0,889;0,666;0,656;0,642;0,639;0,616;0,651;0,912;0,917;0,917;0,912;0,912;0,933;0,285;0,367;0,062;0,063;0,62;0,067;0,062;0,061;0,06;0,061;0,143;0,323;0,637;0,62;0,6;0,646;0,775;0,761;0,815;0,775;0,789;0,812;0,794;0,778;0,608;0,631;0,596;0,568;0,568;0,557;0,846;0,835;0,768;0,836;0,825;0,82;0,058;0,059;0,057;0,07;0,061;0,057;0,059;0,057;0,058;0,056;0,057;0,058;0,848;0,782;0,89;0,86;0,871;0,866;0,945;0,799;0,928;0,947;0,933;0,943
;13:58:48;37;0,059;0,059;0,06;0,059;0,059;0,058;0,063;0,063;0,059;0,061;0,06;0,058;0,894;0,859;0,779;0,653;0,626;0,668;0,901;0,911;0,897;0,903;0,891;0,892;0,67;0,669;0,649;0,655;0,632;0,664;0,916;0,916;0,922;0,911;0,913;0,932;0,291;0,372;0,062;0,063;0,633;0,069;0,062;0,061;0,06;0,061;0,181;0,344;0,656;0,636;0,614;0,651;0,784;0,768;0,827;0,787;0,798;0,829;0,806;0,789;0,616;0,639;0,599;0,574;0,576;0,565;0,848;0,839;0,777;0,837;0,831;0,836;0,058;0,059;0,057;0,073;0,06;0,057;0,058;0,056;0,057;0,055;0,057;0,058;0,852;0,837;0,898;0,86;0,883;0,872;0,948;0,799;0,929;0,947;0,936;0,94
;14:13:48;37;0,059;0,059;0,06;0,059;0,059;0,058;0,062;0,063;0,059;0,061;0,06;0,058;0,905;0,869;0,787;0,679;0,635;0,699;0,898;0,909;0,899;0,904;0,892;0,897;0,682;0,681;0,662;0,668;0,642;0,673;0,917;0,914;0,921;0,908;0,909;0,931;0,296;0,394;0,063;0,064;0,638;0,072;0,062;0,061;0,06;0,061;0,203;0,383;0,658;0,647;0,618;0,672;0,796;0,771;0,831;0,794;0,803;0,831;0,834;0,791;0,622;0,651;0,61;0,58;0,578;0,575;0,852;0,843;0,783;0,842;0,836;0,844;0,058;0,059;0,057;0,073;0,062;0,057;0,059;0,057;0,057;0,056;0,057;0,057;0,857;0,851;0,905;0,861;0,881;0,868;0,951;0,802;0,93;0,95;0,938;0,941
;14:28:48;37;0,059;0,059;0,06;0,059;0,059;0,058;0,065;0,063;0,059;0,061;0,06;0,058;0,897;0,865;0,793;0,709;0,645;0,719;0,904;0,908;0,897;0,899;0,892;0,889;0,704;0,722;0,669;0,678;0,649;0,686;0,919;0,908;0,916;0,903;0,903;0,929;0,31;0,411;0,064;0,065;0,65;0,079;0,062;0,061;0,06;0,061;0,222;0,409;0,661;0,653;0,628;0,693;0,8;0,778;0,838;0,807;0,805;0,825;0,831;0,791;0,63;0,657;0,616;0,588;0,58;0,581;0,856;0,847;0,787;0,846;0,842;0,847;0,058;0,059;0,057;0,072;0,061;0,056;0,058;0,057;0,057;0,056;0,056;0,057;0,857;0,861;0,902;0,862;0,877;0,87;0,949;0,8;0,93;0,95;0,938;0,941
;14:43:48;37;0,059;0,059;0,06;0,059;0,059;0,058;0,064;0,063;0,059;0,061;0,06;0,058;0,897;0,87;0,804;0,723;0,679;0,726;0,899;0,906;0,895;0,893;0,888;0,889;0,729;0,744;0,682;0,714;0,661;0,701;0,916;0,904;0,911;0,899;0,899;0,925;0,326;0,43;0,064;0,067;0,658;0,089;0,062;0,061;0,06;0,061;0,24;0,432;0,672;0,658;0,638;0,706;0,803;0,787;0,838;0,801;0,816;0,835;0,837;0,799;0,637;0,666;0,624;0,596;0,587;0,587;0,857;0,85;0,792;0,851;0,845;0,85;0,058;0,059;0,057;0,072;0,061;0,056;0,059;0,056;0,057;0,055;0,056;0,058;0,858;0,861;0,907;0,861;0,887;0,872;0,949;0,802;0,931;0,95;0,939;0,941
;14:58:48;37;0,059;0,059;0,06;0,059;0,059;0,058;0,066;0,064;0,059;0,06;0,06;0,058;0,897;0,869;0,818;0,729;0,695;0,73;0,894;0,899;0,889;0,886;0,878;0,884;0,74;0,753;0,714;0,735;0,67;0,736;0,913;0,898;0,906;0,893;0,893;0,919;0,343;0,452;0,066;0,07;0,668;0,105;0,062;0,061;0,06;0,061;0,261;0,457;0,684;0,67;0,648;0,715;0,807;0,79;0,844;0,809;0,816;0,838;0,834;0,802;0,643;0,676;0,633;0,604;0,59;0,594;0,859;0,852;0,796;0,853;0,851;0,855;0,058;0,058;0,057;0,071;0,061;0,056;0,058;0,056;0,057;0,055;0,056;0,057;0,863;0,861;0,912;0,861;0,896;0,875;0,948;0,804;0,93;0,952;0,94;0,94
;15:13:48;37;0,059;0,059;0,06;0,059;0,059;0,058;0,066;0,063;0,059;0,061;0,06;0,058;0,894;0,869;0,824;0,733;0,704;0,737;0,891;0,897;0,886;0,883;0,881;0,883;0,746;0,762;0,734;0,741;0,679;0,754;0,908;0,895;0,899;0,89;0,888;0,917;0,364;0,47;0,069;0,076;0,681;0,124;0,062;0,061;0,06;0,061;0,275;0,479;0,686;0,672;0,65;0,725;0,803;0,796;0,833;0,813;0,824;0,843;0,837;0,805;0,652;0,687;0,64;0,612;0,597;0,6;0,861;0,855;0,799;0,857;0,854;0,858;0,058;0,059;0,057;0,07;0,061;0,057;0,059;0,056;0,057;0,056;0,057;0,057;0,86;0,865;0,898;0,864;0,874;0,868;0,948;0,803;0,932;0,952;0,94;0,943
;15:28:48;37;0,059;0,059;0,06;0,059;0,059;0,058;0,068;0,063;0,059;0,06;0,06;0,058;0,89;0,873;0,836;0,74;0,709;0,747;0,884;0,888;0,879;0,875;0,869;0,877;0,755;0,77;0,741;0,752;0,706;0,753;0,905;0,889;0,896;0,885;0,887;0,91;0,38;0,481;0,073;0,084;0,69;0,149;0,062;0,061;0,06;0,061;0,283;0,504;0,695;0,694;0,669;0,728;0,812;0,798;0,84;0,812;0,832;0,829;0,834;0,805;0,655;0,705;0,648;0,619;0,606;0,608;0,861;0,854;0,801;0,857;0,856;0,861;0,058;0,058;0,057;0,07;0,06;0,057;0,058;0,057;0,057;0,055;0,056;0,058;0,863;0,863;0,912;0,863;0,891;0,875;0,949;0,806;0,932;0,952;0,942;0,941
;15:43:48;37;0,059;0,059;0,06;0,059;0,059;0,058;0,072;0,063;0,059;0,061;0,06;0,058;0,885;0,871;0,831;0,746;0,718;0,752;0,882;0,886;0,877;0,872;0,868;0,873;0,761;0,781;0,752;0,759;0,721;0,768;0,9;0,886;0,891;0,882;0,884;0,907;0,405;0,492;0,079;0,097;0,701;0,211;0,061;0,062;0,06;0,061;0,302;0,518;0,697;0,7;0,68;0,737;0,808;0,801;0,832;0,813;0,835;0,837;0,837;0,804;0,661;0,709;0,655;0,627;0,613;0,613;0,861;0,853;0,802;0,854;0,857;0,865;0,058;0,058;0,057;0,07;0,061;0,057;0,059;0,056;0,058;0,055;0,056;0,058;0,864;0,864;0,897;0,862;0,876;0,87;0,949;0,803;0,932;0,953;0,941;0,943
;15:58:48;37;0,059;0,059;0,06;0,059;0,059;0,058;0,076;0,062;0,059;0,06;0,06;0,058;0,882;0,866;0,828;0,752;0,727;0,759;0,884;0,878;0,869;0,869;0,863;0,871;0,77;0,798;0,759;0,765;0,73;0,775;0,895;0,884;0,886;0,88;0,882;0,906;0,422;0,507;0,089;0,116;0,719;0,241;0,061;0,063;0,06;0,061;0,32;0,532;0,7;0,704;0,685;0,751;0,811;0,802;0,837;0,816;0,828;0,845;0,836;0,8;0,667;0,714;0,665;0,635;0,62;0,62;0,859;0,852;0,803;0,853;0,858;0,866;0,058;0,058;0,057;0,07;0,062;0,057;0,058;0,057;0,058;0,056;0,056;0,057;0,862;0,865;0,893;0,864;0,867;0,862;0,95;0,803;0,934;0,953;0,941;0,944
;16:13:48;36,9;0,059;0,059;0,06;0,059;0,059;0,058;0,084;0,063;0,059;0,061;0,06;0,058;0,877;0,875;0,84;0,76;0,73;0,765;0,873;0,876;0,864;0,863;0,857;0,86;0,783;0,812;0,766;0,777;0,737;0,783;0,892;0,879;0,885;0,876;0,879;0,899;0,444;0,521;0,104;0,136;0,73;0,241;0,061;0,065;0,06;0,061;0,338;0,548;0,708;0,715;0,696;0,759;0,816;0,803;0,831;0,811;0,837;0,836;0,83;0,8;0,673;0,723;0,672;0,643;0,624;0,627;0,856;0,848;0,802;0,85;0,856;0,865;0,058;0,058;0,057;0,07;0,062;0,057;0,058;0,056;0,057;0,055;0,057;0,058;0,862;0,862;0,905;0,863;0,883;0,871;0,95;0,806;0,933;0,953;0,944;0,942
;16:28:48;37;0,059;0,059;0,06;0,059;0,059;0,058;0,097;0,064;0,059;0,06;0,06;0,058;0,87;0,872;0,833;0,772;0,739;0,779;0,859;0,87;0,864;0,858;0,852;0,863;0,793;0,82;0,777;0,79;0,746;0,791;0,889;0,877;0,881;0,874;0,877;0,897;0,466;0,536;0,127;0,17;0,74;0,251;0,062;0,067;0,06;0,061;0,366;0,56;0,711;0,718;0,698;0,768;0,816;0,803;0,828;0,806;0,827;0,828;0,832;0,796;0,686;0,73;0,68;0,651;0,629;0,633;0,852;0,846;0,8;0,848;0,854;0,864;0,058;0,058;0,057;0,07;0,062;0,057;0,058;0,056;0,058;0,055;0,056;0,058;0,863;0,863;0,899;0,863;0,873;0,867;0,95;0,806;0,934;0,954;0,943;0,942
;16:43:48;37;0,059;0,059;0,06;0,059;0,059;0,058;0,114;0,063;0,059;0,061;0,06;0,058;0,87;0,87;0,841;0,776;0,742;0,782;0,858;0,86;0,855;0,857;0,846;0,856;0,801;0,821;0,786;0,793;0,754;0,792;0,885;0,873;0,88;0,871;0,873;0,892;0,48;0,555;0,15;0,223;0,748;0,27;0,062;0,07;0,06;0,061;0,389;0,573;0,732;0,731;0,712;0,764;0,819;0,801;0,826;0,799;0,826;0,823;0,821;0,791;0,695;0,741;0,691;0,657;0,638;0,638;0,849;0,842;0,797;0,843;0,851;0,861;0,058;0,058;0,057;0,07;0,06;0,056;0,059;0,057;0,058;0,055;0,056;0,058;0,871;0,861;0,912;0,861;0,887;0,874;0,948;0,811;0,933;0,955;0,943;0,942
;16:58:48;37;0,059;0,059;0,06;0,059;0,059;0,058;0,139;0,065;0,059;0,061;0,06;0,058;0,863;0,862;0,831;0,781;0,753;0,791;0,856;0,863;0,857;0,855;0,85;0,857;0,81;0,822;0,796;0,814;0,765;0,805;0,882;0,875;0,876;0,872;0,873;0,893;0,491;0,561;0,199;0,254;0,756;0,287;0,061;0,076;0,06;0,062;0,407;0,581;0,701;0,728;0,708;0,781;0,811;0,799;0,822;0,801;0,823;0,823;0,822;0,785;0,702;0,752;0,703;0,668;0,643;0,647;0,848;0,841;0,795;0,842;0,849;0,861;0,058;0,058;0,057;0,072;0,062;0,057;0,058;0,057;0,058;0,056;0,056;0,057;0,863;0,863;0,891;0,863;0,857;0,859;0,952;0,806;0,935;0,955;0,943;0,945
;17:13:48;37;0,059;0,059;0,06;0,059;0,059;0,058;0,176;0,066;0,059;0,061;0,06;0,058;0,863;0,864;0,843;0,786;0,759;0,793;0,849;0,857;0,851;0,853;0,844;0,85;0,814;0,825;0,802;0,813;0,773;0,806;0,88;0,871;0,877;0,869;0,872;0,888;0,504;0,575;0,247;0,267;0,765;0,29;0,061;0,086;0,06;0,062;0,428;0,596;0,726;0,744;0,719;0,78;0,817;0,802;0,814;0,797;0,817;0,807;0,817;0,783;0,708;0,762;0,708;0,684;0,649;0,653;0,845;0,838;0,792;0,839;0,845;0,858;0,057;0,058;0,057;0,073;0,06;0,057;0,058;0,057;0,057;0,055;0,056;0,058;0,865;0,863;0,9;0,86;0,87;0,868;0,95;0,807;0,935;0,956;0,943;0,944
;17:28:48;37;0,059;0,059;0,06;0,059;0,059;0,058;0,21;0,066;0,059;0,061;0,06;0,058;0,86;0,857;0,842;0,788;0,765;0,792;0,85;0,861;0,846;0,849;0,841;0,854;0,817;0,824;0,806;0,812;0,778;0,812;0,878;0,869;0,875;0,867;0,869;0,887;0,523;0,592;0,252;0,296;0,769;0,305;0,061;0,099;0,06;0,062;0,451;0,609;0,738;0,756;0,732;0,781;0,812;0,802;0,806;0,794;0,811;0,806;0,81;0,779;0,716;0,764;0,714;0,691;0,657;0,659;0,842;0,836;0,79;0,837;0,843;0,855;0,057;0,058;0,057;0,073;0,06;0,057;0,058;0,059;0,058;0,056;0,057;0,058;0,863;0,863;0,897;0,862;0,867;0,869;0,951;0,81;0,935;0,958;0,944;0,945
;17:43:48;37;0,059;0,059;0,06;0,059;0,059;0,058;0,235;0,066;0,059;0,06;0,06;0,058;0,858;0,855;0,835;0,789;0,769;0,794;0,846;0,853;0,842;0,847;0,839;0,847;0,819;0,826;0,812;0,818;0,784;0,814;0,876;0,868;0,873;0,866;0,869;0,886;0,532;0,599;0,271;0,311;0,77;0,321;0,062;0,115;0,06;0,062;0,469;0,619;0,728;0,757;0,736;0,788;0,809;0,797;0,807;0,79;0,816;0,811;0,812;0,775;0,721;0,771;0,721;0,697;0,663;0,666;0,84;0,833;0,789;0,835;0,841;0,853;0,057;0,058;0,057;0,072;0,061;0,057;0,059;0,059;0,058;0,055;0,056;0,058;0,864;0,862;0,893;0,861;0,863;0,864;0,952;0,808;0,936;0,958;0,943;0,946
;17:58:48;37;0,059;0,059;0,06;0,059;0,059;0,058;0,243;0,066;0,059;0,061;0,06;0,058;0,856;0,851;0,835;0,788;0,775;0,794;0,838;0,849;0,838;0,844;0,837;0,843;0,819;0,825;0,816;0,819;0,791;0,815;0,874;0,867;0,87;0,864;0,867;0,884;0,546;0,612;0,298;0,318;0,77;0,337;0,062;0,141;0,06;0,063;0,487;0,631;0,719;0,758;0,738;0,789;0,807;0,796;0,797;0,786;0,809;0,809;0,808;0,773;0,726;0,772;0,728;0,702;0,674;0,681;0,838;0,831;0,787;0,833;0,84;0,852;0,057;0,058;0,057;0,07;0,061;0,057;0,058;0,06;0,057;0,056;0,056;0,058;0,864;0,861;0,893;0,861;0,864;0,863;0,953;0,809;0,936;0,958;0,944;0,946
;18:13:48;37;0,059;0,059;0,06;0,059;0,059;0,058;0,267;0,066;0,059;0,061;0,06;0,058;0,854;0,847;0,841;0,792;0,778;0,797;0,837;0,846;0,837;0,847;0,833;0,843;0,819;0,827;0,818;0,818;0,793;0,818;0,872;0,865;0,87;0,863;0,867;0,882;0,557;0,625;0,303;0,334;0,775;0,367;0,062;0,194;0,06;0,063;0,504;0,647;0,724;0,767;0,745;0,791;0,809;0,794;0,797;0,781;0,806;0,794;0,801;0,771;0,73;0,773;0,732;0,707;0,684;0,689;0,835;0,829;0,784;0,831;0,837;0,849;0,057;0,058;0,057;0,07;0,062;0,056;0,059;0,059;0,058;0,056;0,056;0,057;0,864;0,86;0,901;0,861;0,872;0,864;0,954;0,812;0,937;0,957;0,947;0,945
;;;;;;;;;;;;;;;;;;;;;;;;;;;;;;;;;;;;;;;;;;;;;;;;;;;;;;;;;;;;;;;;;;;;;;;;;;;;;;;;;;;;;;;;;;;;;;;;;;
GFP_50:480,520;;;;;;;;;;;;;;;;;;;;;;;;;;;;;;;;;;;;;;;;;;;;;;;;;;;;;;;;;;;;;;;;;;;;;;;;;;;;;;;;;;;;;;;;;;;;;;;;;;
;;;;;;;;;;;;;;;;;;;;;;;;;;;;;;;;;;;;;;;;;;;;;;;;;;;;;;;;;;;;;;;;;;;;;;;;;;;;;;;;;;;;;;;;;;;;;;;;;;
;Time;T° GFP_50:480,520;A1;A2;A3;A4;A5;A6;A7;A8;A9;A10;A11;A12;B1;B2;B3;B4;B5;B6;B7;B8;B9;B10;B11;B12;C1;C2;C3;C4;C5;C6;C7;C8;C9;C10;C11;C12;D1;D2;D3;D4;D5;D6;D7;D8;D9;D10;D11;D12;E1;E2;E3;E4;E5;E6;E7;E8;E9;E10;E11;E12;F1;F2;F3;F4;F5;F6;F7;F8;F9;F10;F11;F12;G1;G2;G3;G4;G5;G6;G7;G8;G9;G10;G11;G12;H1;H2;H3;H4;H5;H6;H7;H8;H9;H10;H11;H12
;00:14:19;37;607;576;600;586;582;613;618;594;585;569;568;577;616;596;602;599;618;601;627;588;584;592;602;599;595;615;586;621;603;614;614;608;605;572;589;596;595;614;619;613;610;608;640;585;621;589;605;587;598;606;610;607;597;645;641;614;624;626;593;587;618;596;598;584;601;630;639;603;584;605;598;607;611;590;596;589;604;580;599;601;593;583;565;588;593;598;618;635;613;630;603;447;615;588;581;590
;00:29:19;37;555;565;591;609;594;590;585;562;554;570;554;567;599;588;596;597;599;597;595;577;595;618;572;573;587;605;599;584;587;600;623;579;605;571;575;573;584;593;610;611;598;610;627;600;620;585;585;585;614;589;615;640;591;608;615;613;603;610;564;589;607;599;607;569;612;623;626;584;578;602;580;591;588;562;618;575;563;583;609;587;597;564;585;578;581;560;610;607;608;598;623;447;602;591;586;575
;00:44:19;37;571;600;590;589;566;574;590;580;600;563;554;562;600;573;585;585;588;598;597;627;585;555;583;580;580;592;591;582;588;606;593;582;601;573;582;577;609;586;602;614;606;607;623;619;634;580;584;608;558;564;602;597;599;607;602;628;607;589;591;574;590;589;623;577;587;587;606;564;563;595;599;601;590;577;591;581;586;609;607;572;574;552;544;572;565;578;623;615;602;616;585;433;601;581;572;562
;00:59:19;37;581;567;576;603;559;588;574;568;585;554;600;567;607;586;617;583;587;578;592;601;606;560;575;563;604;583;600;565;600;607;581;608;610;563;587;579;606;592;613;589;586;624;625;600;600;591;571;570;576;599;577;604;618;622;580;618;604;617;573;575;604;579;607;598;597;613;603;593;569;586;612;588;596;584;589;613;575;597;593;586;581;550;544;556;582;602;638;628;594;631;581;457;609;584;588;568
;01:14:19;37;578;580;579;591;559;586;585;582;553;557;576;555;591;598;585;580;594;602;598;597;591;601;601;572;580;585;606;565;600;594;603;587;607;585;588;576;578;594;598;629;570;596;626;595;606;586;591;552;592;586;606;614;597;618;630;614;592;616;567;576;605;566;607;588;581;617;614;583;543;616;574;603;583;585;589;610;597;590;606;585;574;546;566;547;582;594;637;618;638;623;591;454;604;598;570;557
;01:29:19;37;575;579;581;564;597;609;595;589;563;541;578;586;587;587;603;567;592;586;591;594;585;587;598;572;587;567;593;604;588;611;613;612;606;586;594;584;585;581;592;599;575;613;629;597;620;598;581;570;587;589;609;591;606;625;617;615;632;607;585;567;594;571;591;585;593;632;629;590;554;590;602;574;581;581;581;596;573;606;591;584;576;565;573;569;598;589;639;636;620;623;596;442;610;613;584;584
;01:44:19;37;573;550;575;574;577;583;598;587;567;556;573;563;593;573;614;585;593;570;595;591;576;578;559;581;585;573;592;578;594;608;595;607;605;566;565;593;586;598;617;591;564;596;604;603;612;593;572;557;606;613;589;606;592;604;605;656;629;591;607;597;618;590;617;591;593;590;595;559;578;599;592;590;575;580;585;562;596;584;612;586;606;555;562;563;613;603;618;642;629;645;596;447;618;591;569;588
;01:59:19;37;591;556;576;609;587;605;606;584;619;574;564;572;585;579;578;599;591;598;589;580;570;583;572;584;584;586;569;593;599;619;611;607;596;577;592;588;601;602;618;618;610;599;618;605;594;595;604;601;587;567;610;613;608;620;614;629;622;621;606;605;589;588;604;596;604;619;610;614;552;624;569;587;580;585;586;580;596;570;595;556;587;573;568;558;594;626;651;650;646;641;602;461;626;621;598;598
;02:14:19;37;566;586;572;588;581;576;583;561;578;568;568;576;589;602;594;567;596;593;578;600;616;580;566;570;603;603;591;565;597;598;626;632;606;585;576;584;594;606;583;613;604;605;624;592;618;581;621;571;586;583;621;615;582;613;645;619;639;595;618;602;599;595;593;592;613;613;602;592;567;600;589;614;577;595;588;588;594;586;599;593;592;557;569;569;601;615;648;656;662;642;598;464;606;604;578;570
;02:29:19;37;588;579;601;571;565;617;576;599;589;549;566;584;573;593;581;575;604;607;588;586;607;594;579;585;573;585;625;578;604;596;617;606;607;584;583;561;606;584;619;618;591;601;629;600;631;599;593;585;601;581;591;613;586;617;611;627;638;608;613;598;592;568;588;593;594;620;592;592;565;576;576;608;580;583;580;570;578;601;587;583;586;569;569;558;597;619;630;673;619;648;616;463;639;598;600;595
;02:44:19;37;552;580;594;609;578;586;580;579;589;577;575;551;607;563;592;582;599;584;607;614;591;596;601;590;589;567;586;606;604;595;607;613;611;588;591;622;587;612;591;611;608;623;629;595;615;574;610;611;615;592;629;619;614;618;620;654;666;610;620;594;618;571;605;595;605;610;613;606;579;607;594;599;582;578;598;572;599;616;587;580;567;552;590;549;608;646;671;660;674;655;621;469;630;617;598;581
;02:59:19;37;582;585;560;567;577;583;548;591;575;563;592;558;596;593;609;579;594;592;599;598;601;599;573;570;586;584;605;596;579;577;618;607;598;604;605;603;593;602;626;595;605;633;648;603;609;600;589;574;625;579;596;611;596;625;646;665;621;624;626;599;590;586;596;576;575;602;609;573;582;591;612;585;587;562;574;593;575;571;597;582;592;562;560;549;637;649;670;690;651;684;603;476;644;610;583;580
;03:14:19;37;595;576;559;575;580;597;601;573;578;553;567;578;606;585;580;572;617;603;602;607;595;611;593;580;579;605;602;585;599;606;634;620;613;571;598;617;614;595;586;616;609;605;642;607;636;617;592;581;587;589;608;599;586;619;640;657;647;677;624;611;603;563;600;599;594;622;602;609;584;604;589;596;595;578;590;573;605;596;598;572;591;546;562;571;650;658;695;708;695;657;623;462;626;604;607;626
;03:29:19;37;597;576;594;607;559;594;604;599;590;565;567;583;598;600;578;605;597;601;612;596;603;604;575;571;582;593;594;609;583;589;601;613;638;581;576;623;596;571;622;617;616;603;626;617;620;596;602;584;598;580;600;622;611;619;673;659;676;657;633;609;605;590;607;601;572;619;639;609;576;609;593;570;578;571;577;575;569;598;578;568;584;564;573;560;654;704;696;709;712;696;635;472;643;616;623;625
;03:44:19;37;555;580;581;595;585;604;598;600;594;553;565;557;625;605;611;586;592;607;600;610;598;585;605;586;590;580;598;585;563;593;621;602;633;581;601;614;600;608;610;636;620;603;628;604;607;594;607;571;605;609;600;632;609;625;681;667;700;653;644;628;605;579;609;579;600;614;618;621;582;625;600;584;587;584;617;581;586;599;585;574;583;553;545;574;657;731;721;744;705;712;628;473;619;629;622;615
;03:59:19;37;579;592;578;573;585;588;576;574;585;587;571;581;608;609;634;596;593;636;610;603;610;593;615;594;584;589;592;595;604;593;619;631;633;608;616;591;600;579;618;617;619;627;622;617;618;601;629;589;604;586;587;607;638;642;672;691;691;670;643;612;616;582;568;588;589;598;629;595;586;617;608;584;590;595;561;578;584;589;584;565;580;560;562;548;692;718;753;762;722;748;634;493;631;610;629;629
;04:14:19;37;579;597;568;582;597;575;564;582;589;561;579;567;631;598;590;592;593;593;591;603;623;586;610;605;593;592;586;592;597;614;650;626;624;605;578;622;569;597;596;611;604;593;630;634;633;595;620;579;617;590;612;627;598;627;700;708;682;667;665;632;618;587;595;581;593;614;644;601;609;622;616;589;594;583;588;596;605;569;597;584;591;585;536;554;691;748;790;811;744;763;623;493;645;626;647;628
;04:29:19;36,9;575;587;555;604;590;593;593;599;585;592;566;578;641;616;647;605;610;611;613;605;624;607;587;596;606;584;612;588;610;612;625;613;628;607;626;631;594;594;610;616;612;599;608;603;645;593;624;576;621;615;586;625;613;637;708;701;698;701;673;674;613;631;632;606;603;618;665;620;608;623;631;617;589;574;601;596;583;571;594;558;581;572;571;557;705;756;802;821;771;782;633;509;638;643;630;629
;04:44:19;37;576;562;585;584;594;595;590;580;592;563;582;601;615;619;613;617;620;596;617;632;613;604;626;593;588;590;612;602;590;605;634;634;627;598;631;623;599;593;597;626;620;613;635;614;637;606;613;584;622;632;622;634;622;642;728;732;706;699;682;643;626;569;626;604;600;601;638;635;617;623;619;619;590;549;591;570;560;571;597;599;584;559;546;562;759;799;828;868;796;813;643;516;656;653;627;605
;04:59:19;37;580;571;583;589;597;585;594;584;596;554;554;571;647;635;633;618;634;613;627;623;625;625;604;580;612;604;595;630;609;622;641;653;636;608;630;635;625;599;612;610;608;612;608;600;602;615;585;600;613;592;615;638;630;659;737;721;745;722;700;651;612;590;628;596;604;635;652;640;622;648;606;639;590;573;578;585;584;573;605;570;602;544;552;568;781;827;878;894;842;845;644;511;652;624;633;620
;05:14:19;37;571;583;562;610;591;597;593;581;580;570;581;565;624;622;632;576;608;607;638;621;657;648;623;615;602;612;622;606;638;613;655;657;656;616;639;674;588;607;610;618;607;599;640;635;629;594;596;566;622;610;620;626;629;646;746;732;753;745;728;670;644;594;630;609;612;615;648;611;612;651;644;616;555;583;582;582;590;605;589;573;579;537;538;543;822;854;907;943;880;902;650;508;652;627;645;631
;05:29:19;37;572;583;574;594;587;587;593;578;594;562;547;565;649;641;616;591;617;615;637;640;641;639;629;594;609;616;614;625;612;619;667;654;643;637;643;641;616;590;587;608;607;602;634;629;621;608;595;595;607;588;620;624;623;676;744;766;755;740;732;681;614;616;594;602;618;623;670;662;626;648;612;615;570;585;590;561;585;589;594;569;567;556;572;533;850;919;978;1006;925;920;632;492;652;654;636;637
;05:44:19;37;568;592;577;590;579;597;575;592;584;571;570;557;616;620;650;635;646;632;643;636;650;647;630;639;603;605;609;615;593;626;678;654;637;619;613;632;610;607;608;619;607;596;629;598;654;604;600;589;601;607;620;644;636;670;772;761;784;751;748;693;620;607;633;610;603;651;655;666;613;663;651;612;571;582;609;569;573;576;566;593;589;572;549;551;896;947;1048;1073;974;972;650;540;633;637;645;643
;05:59:19;37;589;587;592;590;577;591;589;571;589;561;572;584;651;648;634;615;612;642;653;643;645;609;627;634;604;629;631;620;615;614;669;658;661;629;634;651;590;583;603;595;613;607;627;609;609;615;597;576;614;634;658;646;653;673;799;790;812;813;758;699;646;634;627;625;610;629;666;657;610;655;646;658;577;564;564;580;598;583;588;582;568;558;560;573;953;987;1093;1134;1046;1048;646;524;656;652;639;642
;06:14:19;37;569;576;573;569;613;603;604;576;568;568;563;586;638;653;636;635;623;638;649;656;664;628;622;616;633;621;637;626;615;637;662;627;663;632;635;655;594;593;617;621;605;597;626;602;627;564;588;583;618;624;639;649;638;668;824;798;814;792;785;761;633;615;629;611;627;610;641;623;614;640;610;661;585;582;583;587;578;598;582;570;579;558;553;554;1051;1026;1175;1212;1115;1092;657;525;669;667;635;636
;06:29:19;37;590;580;581;598;591;597;610;613;591;584;576;567;627;651;632;630;648;611;653;641;655;622;605;646;622;613;636;623;630;637;647;660;666;640;647;651;602;600;610;621;617;623;628;592;613;588;608;587;618;630;643;646;615;669;825;824;841;825;799;762;654;613;635;617;621;644;661;647;616;664;656;632;594;579;568;552;578;582;586;588;577;556;570;541;1108;1108;1263;1285;1240;1184;667;508;649;678;653;640
;06:44:19;37;566;573;568;602;587;583;568;584;603;556;555;577;649;648;639;638;658;638;655;643;658;626;640;623;624;601;630;663;647;628;667;646;658;623;648;622;587;583;605;605;602;609;630;595;614;605;610;579;605;627;641;663;654;660;855;888;842;842;827;782;644;610;626;629;609;642;646;625;625;646;634;667;607;572;580;583;582;574;589;576;573;542;567;574;1184;1211;1368;1400;1284;1264;684;540;679;657;661;639
;06:59:19;37;594;595;579;585;592;589;590;602;581;585;562;579;638;628;663;628;642;650;644;649;647;645;639;635;619;630;645;639;647;641;674;655;651;639;644;666;588;618;604;622;610;613;624;592;630;591;585;592;636;647;643;667;672;682;901;882;898;887;833;813;630;614;649;624;627;640;662;643;608;663;613;648;577;585;596;576;593;582;594;569;611;552;543;574;1290;1284;1411;1509;1374;1343;674;560;662;638;644;644
;07:14:19;37;584;573;587;601;597;588;605;584;596;563;570;568;639;652;632;649;659;675;655;636;628;639;632;638;627;641;636;645;627;673;676;676;690;640;669;645;586;611;613;632;642;604;637;599;631;625;607;599;630;649;633;669;680;680;916;916;927;911;845;824;649;666;650;641;634;658;656;643;630;640;646;650;578;559;564;594;555;594;597;592;589;565;553;547;1339;1367;1529;1609;1480;1448;675;541;676;669;656;646
;07:29:19;37;575;570;564;604;608;588;578;598;586;565;560;583;647;652;634;647;646;623;646;650;633;638;638;632;646;630;638;627;640;664;650;646;645;647;653;647;585;582;594;626;643;622;603;607;621;615;585;592;639;652;673;664;675;692;941;939;920;946;882;877;663;631;670;622;650;649;665;671;626;664;671;654;585;574;593;577;570;591;608;571;560;569;554;530;1428;1453;1602;1684;1577;1541;653;567;659;687;655;643
;07:44:19;37;580;584;584;603;584;586;588;596;606;565;544;580;646;651;643;650;666;641;655;630;643;654;660;649;669;618;654;641;650;652;687;658;661;602;656;656;586;627;625;601;645;624;612;608;594;607;610;593;639;617;643;647;659;677;961;943;959;960;937;855;646;628;638;626;642;646;666;657;629;637;645;627;595;573;566;585;587;565;574;574;577;564;559;547;1512;1546;1709;1787;1684;1629;678;545;663;678;647;641
;07:59:19;37;569;586;582;572;577;597;606;605;593;578;561;579;646;650;646;621;642;664;673;670;671;644;650;637;646;634;653;654;652;649;657;668;692;639;646;637;604;598;600;607;639;619;638;626;631;603;581;589;622;658;654;662;677;688;956;983;973;972;925;903;630;650;654;658;611;645;691;642;646;643;633;650;578;565;597;573;613;558;580;581;539;568;552;548;1598;1651;1803;1872;1750;1744;674;548;679;673;665;632
;08:14:19;37;558;608;586;569;590;603;585;591;593;540;572;573;655;626;663;643;671;651;679;640;655;653;664;630;646;637;626;629;653;666;684;638;665;656;658;662;608;609;615;622;637;594;621;606;593;598;594;554;627;632;665;676;693;710;989;981;1034;1007;930;923;653;637;649;666;652;653;683;693;636;666;664;634;575;587;594;557;592;591;602;566;565;529;548;569;1682;1750;1905;1990;1901;1846;669;550;663;669;665;654
;08:29:19;37;559;588;583;573;592;606;594;579;606;571;565;574;666;666;672;628;661;616;674;651;677;660;649;660;628;648;653;637;640;655;668;665;672;639;654;631;587;586;585;624;628;624;646;618;576;611;601;600;638;667;636;664;683;680;1024;993;1015;1040;979;918;652;631;660;639;643;665;680;673;648;660;653;649;576;579;595;577;571;577;588;566;561;539;552;548;1782;1843;2016;2085;1987;1937;671;561;676;680;686;644
;08:44:19;37;558;583;588;611;599;570;603;599;616;553;557;571;671;645;652;638;674;657;678;668;671;647;643;628;634;642;669;620;654;661;698;661;657;685;658;677;577;601;611;590;658;615;636;598;616;602;590;608;639;649;651;665;675;679;1040;1003;1058;1058;987;920;666;639;656;654;652;666;656;673;634;651;657;667;584;578;590;580;575;584;600;571;581;549;537;536;1865;1946;2145;2179;2086;2029;707;555;706;678;660;693
;08:59:19;37;601;569;581;601;581;596;564;584;597;573;568;578;670;642;646;656;680;662;665;682;665;644;664;650;649;632;645;653;639;665;699;661;658;645;656;652;599;606;621;612;671;594;621;609;618;584;594;590;644;649;669;665;696;707;1047;1011;1051;1073;1001;942;655;643;637;634;662;685;698;661;663;683;650;662;570;583;579;591;599;583;576;573;564;551;539;551;1987;2058;2238;2315;2240;2139;677;542;682;684;671;653
;09:14:19;37;556;595;581;579;586;599;580;600;575;569;572;590;660;664;639;669;660;669;672;661;663;647;652;627;629;642;659;655;646;636;676;663;670;673;656;679;611;607;591;634;652;574;622;602;605;602;612;575;681;662;693;678;693;725;1049;1036;1055;1078;1020;980;668;638;646;656;649;686;694;650;639;671;664;662;567;565;578;568;607;576;578;563;573;539;544;557;2078;2179;2383;2449;2356;2263;694;564;689;690;670;650
;09:29:19;37;585;579;595;611;580;617;589;596;567;581;567;563;664;646;638;646;660;665;671;677;673;657;671;659;641;658;664;645;668;646;686;683;691;637;669;677;616;585;603;600;650;620;619;615;602;594;611;596;663;651;656;681;698;703;1050;1033;1071;1080;1013;935;673;634;658;642;658;676;670;643;655;666;660;674;582;571;564;569;555;578;587;537;590;540;555;567;2197;2301;2486;2558;2496;2380;688;560;690;724;681;700
;09:44:19;37;581;558;583;580;601;570;588;590;580;572;570;581;664;638;665;671;654;658;684;662;671;667;657;669;640;628;650;642;654;658;686;659;685;680;660;666;597;572;621;630;648;584;648;614;603;590;585;591;684;660;673;683;689;716;1080;1036;1084;1061;1022;979;651;638;662;639;667;652;675;661;634;682;645;691;600;574;565;561;593;576;583;575;564;545;563;563;2346;2428;2680;2712;2634;2554;714;575;708;695;674;692
;09:59:19;37;563;574;574;583;580;579;596;592;584;571;557;559;689;673;653;650;666;671;694;667;677;651;653;652;645;640;657;670;661;661;688;666;687;660;647;656;598;586;608;610;668;604;633;610;615;606;618;597;693;656;671;714;732;706;1074;1016;1088;1055;1017;979;670;647;666;653;655;675;693;666;673;665;665;679;581;574;582;574;589;577;585;556;603;554;543;535;2455;2569;2823;2854;2793;2665;696;579;691;707;695;702
;10:14:19;36,9;583;583;574;582;602;585;594;569;578;559;578;578;660;659;666;659;688;669;668;669;657;646;660;659;674;670;652;679;639;686;680;687;673;652;665;654;584;583;615;606;663;585;625;584;621;599;612;602;668;665;698;707;705;709;1073;1013;1096;1091;1048;993;664;645;659;649;652;656;705;692;666;693;677;673;600;569;574;576;584;590;580;567;587;547;563;550;2613;2682;2940;3011;2954;2863;691;576;715;711;697;677
;10:29:19;37;590;581;575;586;575;597;571;574;591;575;577;588;664;648;669;661;645;652;693;666;674;685;647;645;690;663;683;666;662;659;673;670;695;656;683;685;598;635;612;614;674;607;624;600;614;587;572;594;685;703;677;695;716;721;1078;1055;1115;1089;1066;1002;665;661;668;659;670;665;732;689;675;666;644;659;590;588;585;575;588;567;578;582;552;550;572;559;2757;2834;3202;3167;3157;3030;700;569;722;695;692;695
;10:44:19;37;568;573;564;600;595;589;608;587;598;576;564;583;662;666;676;657;663;681;696;670;666;651;667;650;652;651;682;689;661;661;709;674;679;656;670;666;588;608;602;611;671;601;614;612;611;609;571;583;697;686;684;708;742;719;1065;1050;1099;1091;1054;990;654;647;686;652;652;673;690;682;668;672;682;686;610;573;593;569;576;593;568;587;580;547;576;554;2926;3024;3340;3329;3318;3216;729;603;714;726;713;692
;10:59:19;37;567;582;571;589;576;582;588;585;589;566;558;560;642;683;697;696;676;675;681;656;662;666;651;645;683;667;671;654;636;674;690;677;689;659;662;664;587;606;618;611;669;635;644;612;593;595;586;592;714;704;695;749;732;738;1097;1063;1135;1095;1056;1014;673;652;690;626;677;663;676;725;681;695;677;667;599;562;577;566;587;542;572;571;574;573;537;522;3132;3176;3576;3537;3511;3397;722;586;722;745;721;686
;11:14:19;36,9;585;584;599;553;573;583;600;579;586;578;538;572;664;686;693;688;667;679;674;669;686;643;658;652;644;651;646;676;665;672;696;686;685;659;669;680;604;602;600;610;676;584;625;591;617;598;612;576;702;678;718;713;749;726;1093;1060;1101;1098;1049;991;684;666;680;652;660;670;694;683;649;691;676;663;548;553;563;553;589;587;569;562;575;552;532;556;3281;3352;3766;3760;3742;3599;735;621;726;702;718;710
;11:29:19;37;581;589;601;579;587;579;585;579;597;558;572;582;667;685;657;674;661;643;696;674;683;649;641;649;665;682;663;675;675;679;704;681;697;665;668;677;610;584;626;594;669;611;612;611;614;599;581;588;690;707;708;717;732;745;1078;1053;1125;1120;1062;1007;678;666;656;648;669;681;696;696;682;681;664;692;576;569;578;553;587;578;577;558;567;578;561;529;3460;3578;3933;3938;3956;3768;736;598;757;715;743;727
;11:44:19;36,9;572;579;591;576;562;598;589;585;567;529;552;581;683;637;667;681;672;675;673;685;661;667;670;671;650;654;662;650;682;672;698;728;677;656;655;684;621;620;606;601;669;609;617;595;617;630;597;586;703;716;715;733;732;717;1085;1050;1103;1117;1064;1011;686;675;669;687;680;675;732;699;676;716;668;697;587;552;569;570;579;561;568;533;586;530;541;548;3685;3736;4100;4142;4169;3956;737;613;731;718;728;712
;11:59:19;37;570;589;575;590;601;585;593;609;619;568;568;567;684;667;696;680;665;680;683;681;687;658;668;658;682;671;674;666;670;673;710;691;682;680;699;678;600;615;606;629;682;617;622;597;599;588;599;587;700;714;722;735;743;733;1099;1067;1094;1114;1093;1033;685;681;691;676;668;707;698;692;665;705;700;693;590;569;587;580;549;583;597;591;548;559;537;543;3829;4007;4218;4337;4333;4169;751;629;774;721;735;741
;12:14:19;37;559;585;574;604;576;595;593;617;581;556;575;566;655;669;689;666;684;708;664;675;665;675;659;684;684;681;668;669;676;680;682;712;703;664;668;695;591;624;617;614;712;610;612;582;622;593;617;586;711;735;730;745;761;752;1082;1097;1127;1161;1076;1037;692;670;680;688;680;694;714;708;668;691;687;709;573;578;567;594;568;550;597;591;574;558;544;541;4028;4214;4415;4554;4542;4342;755;606;773;751;745;713
;12:29:19;37;568;596;584;584;569;589;596;566;575;571;603;606;664;657;689;702;703;665;693;690;694;673;640;659;654;682;690;676;670;690;709;714;698;684;685;684;586;617;608;625;678;618;614;578;613;622;589;583;710;710;737;747;759;766;1096;1075;1131;1118;1126;1015;676;669;671;673;676;698;712;709;691;693;692;694;582;574;569;554;587;562;567;574;593;539;546;518;4155;4408;4557;4731;4743;4496;756;610;740;732;746;726
;12:44:19;36,9;585;579;572;602;575;573;598;567;576;572;581;585;653;686;700;681;713;697;686;696;683;689;678;642;675;665;696;684;677;689;694;690;703;693;681;691;604;625;604;616;693;640;630;577;595;602;601;593;729;703;726;754;768;766;1113;1084;1155;1178;1095;1035;709;679;694;667;658;687;723;695;669;696;674;700;570;563;583;563;593;558;591;559;566;520;560;536;4331;4706;4779;4878;4932;4642;757;621;736;743;740;736
;12:59:19;37;592;586;595;604;574;602;597;588;578;564;572;573;683;666;693;705;699;689;701;679;710;683;685;674;672;693;682;694;689;689;720;725;689;698;692;716;593;619;609;621;685;603;631;608;607;579;588;631;735;718;716;749;764;748;1146;1086;1130;1158;1116;1046;702;708;703;681;689;700;722;701;681;696;711;695;580;584;571;577;565;567;582;575;572;531;545;537;4478;4907;4851;5198;5053;4911;764;621;786;731;744;739
;13:14:19;37;575;584;600;614;587;567;583;593;589;543;550;597;677;692;697;718;666;685;703;689;703;709;681;670;696;687;692;684;693;703;718;689;704;697;680;702;580;611;605;598;675;619;607;584;605;580;584;611;739;721;732;739;761;773;1151;1096;1145;1146;1103;1040;692;687;711;688;695;721;732;695;700;694;685;693;580;572;600;551;607;583;568;565;551;565;533;535;4606;5063;4836;5386;5106;4969;775;632;778;751;756;744
;13:29:19;37;596;567;570;576;554;574;573;594;566;545;584;581;685;693;675;688;704;697;704;698;699;684;688;677;674;676;698;695;718;704;718;734;713;693;689;707;598;621;641;613;698;610;640;595;611;596;612;643;759;732;726;756;739;786;1121;1111;1149;1144;1104;1064;731;682;704;698;714;718;708;736;673;696;695;700;588;557;578;572;568;575;552;583;580;566;540;519;4659;5309;4918;5474;5202;5032;757;627;796;743;736;734
;13:44:19;37;599;581;569;586;592;580;573;576;598;567;564;571;699;676;686;701;700;703;681;674;687;684;679;675;704;715;684;691;698;678;733;732;724;667;709;693;590;623;600;640;676;586;642;606;609;606;593;621;730;744;742;767;767;783;1131;1096;1137;1154;1097;1054;700;696;724;707;687;730;729;734;699;732;693;717;578;566;560;579;575;563;607;581;572;534;533;541;4677;5481;4965;5507;5103;5050;773;633;785;754;785;748
;13:59:19;36,9;582;597;565;602;580;591;594;581;579;560;541;568;690;700;714;708;721;694;702;705;684;688;672;667;708;697;700;687;705;713;731;715;714;687;702;695;605;633;596;616;693;613;636;605;590;613;586;626;742;736;744;745;762;783;1159;1090;1166;1183;1125;1033;735;696;732;721;720;747;747;715;703;704;727;706;580;586;586;578;593;579;577;578;568;537;561;580;4760;5773;4993;5551;5197;5116;797;645;820;771;765;743
;14:14:19;37;582;605;578;580;591;591;583;583;595;577;557;569;698;699;684;721;702;701;701;715;716;696;680;664;704;693;703;706;707;683;733;725;746;708;702;729;631;644;605;625;711;623;592;609;614;573;601;631;769;747;757;788;790;822;1129;1124;1190;1161;1135;1061;732;704;706;715;690;735;749;708;718;729;693;692;596;586;606;572;545;586;570;555;563;550;566;547;4777;5895;5066;5605;5228;5165;774;626;781;774;778;784
;14:29:19;37;566;578;593;585;593;572;586;598;578;564;571;589;691;677;687;698;716;714;718;698;724;701;685;675;706;700;702;688;714;707;727;718;729;708;701;716;628;652;615;619;698;616;626;622;599;594;604;633;751;755;747;763;807;799;1161;1127;1184;1159;1148;1060;749;705;727;721;715;740;718;743;702;734;704;727;583;544;592;575;602;564;574;554;596;538;511;532;4777;5948;5093;5681;5283;5156;767;637;782;802;765;782
;14:44:19;36,9;568;590;571;579;588;592;583;583;582;539;576;566;678;682;700;715;709;703;695;693;677;704;701;690;703;705;728;703;720;747;718;706;680;733;695;741;624;660;604;607;707;602;634;591;596;594;612;638;748;782;762;769;801;808;1149;1121;1191;1175;1134;1074;732;712;715;709;706;768;742;709;695;762;724;706;560;560;588;580;553;568;562;579;578;549;539;542;4865;6024;5124;5688;5363;5222;791;627;807;773;782;790
;14:59:19;37;578;590;611;579;588;611;585;566;581;563;555;584;690;694;700;716;721;719;701;710;709;705;683;679;708;707;729;738;729;731;724;720;735;688;709;722;658;652;605;602;716;608;627;608;610;611;605;608;773;740;774;791;811;836;1168;1131;1226;1191;1156;1076;747;696;744;740;719;741;738;713;706;736;734;724;568;568;581;574;580;563;573;567;554;529;548;548;4881;6059;5187;5765;5452;5276;798;629;826;758;780;764
;15:14:19;37;564;586;576;580;588;601;580;599;600;573;553;556;709;679;718;702;697;706;721;711;703;719;706;684;711;700;714;711;728;709;732;734;722;693;696;712;648;645;588;592;749;601;612;583;639;591;607;609;765;766;739;794;806;801;1176;1123;1196;1196;1143;1071;744;738;737;734;750;759;725;738;714;745;711;732;585;600;561;565;576;570;550;557;566;540;544;542;4951;6101;5161;5790;5384;5299;792;653;781;788;823;775
;15:29:19;36,9;569;591;583;592;588;594;609;581;578;555;559;572;680;702;706;727;718;704;692;701;719;684;709;688;706;727;710;734;726;717;731;723;734;706;706;735;630;664;611;588;732;614;623;591;614;595;631;640;767;745;767;796;829;804;1180;1131;1216;1190;1160;1093;762;719;714;731;733;757;740;712;705;713;711;728;597;570;571;577;577;562;573;550;555;547;542;532;4964;6187;5237;5824;5448;5314;809;633;814;784;810;788
;15:44:19;37;580;559;567;587;598;565;566;570;576;566;561;566;676;704;711;709;734;711;726;711;713;709;686;691;734;727;717;717;719;745;727;735;705;695;707;706;662;637;613;599;732;613;628;597;633;595;612;637;784;755;761;787;806;816;1163;1145;1210;1201;1163;1060;735;726;749;731;754;746;721;732;698;727;711;739;591;564;571;580;563;575;583;552;574;532;541;535;4923;6161;5203;5858;5398;5313;809;663;811;787;795;803
;15:59:19;37;590;579;567;585;592;557;591;576;577;552;526;577;703;686;739;742;722;725;721;733;711;704;696;686;712;712;741;706;713;748;719;730;731;696;696;719;642;646;599;603;748;573;631;616;604;580;631;643;805;782;760;825;793;814;1183;1138;1191;1205;1150;1097;743;732;760;760;749;768;738;716;700;733;728;709;569;558;564;585;560;549;586;567;571;547;539;532;4995;6223;5238;5900;5428;5305;821;614;840;792;784;792
;16:14:19;37;566;577;582;574;573;556;588;581;572;550;559;597;674;708;729;733;752;727;719;706;723;717;701;704;722;742;758;732;742;722;723;709;738;704;731;749;633;661;605;608;730;619;605;603;599;589;636;638;802;764;777;813;807;810;1180;1162;1186;1227;1141;1075;743;711;751;725;762;770;735;735;725;730;740;727;551;581;582;542;583;556;548;559;558;565;545;546;4963;6210;5288;5955;5493;5415;809;656;832;800;798;810
;16:29:19;37;571;554;586;567;603;601;585;591;600;582;556;575;700;704;745;724;740;736;706;721;712;708;665;688;728;725;746;718;759;751;739;726;729;713;705;722;634;651;622;608;734;603;616;598;607;594;631;655;787;785;797;832;793;821;1171;1156;1195;1179;1155;1065;755;747;740;739;759;754;725;709;717;721;721;740;561;576;605;565;564;562;585;534;569;542;520;540;5028;6242;5309;5958;5498;5401;818;651;846;797;801;813
;16:44:19;37;565;577;574;585;576;566;586;565;588;550;559;609;708;712;741;716;719;731;757;700;716;720;690;691;744;726;758;739;731;729;734;745;707;731;713;706;625;659;583;620;740;599;630;610;579;585;613;650;789;791;789;821;798;806;1179;1141;1209;1195;1138;1067;760;756;774;751;750;764;725;732;702;708;713;736;574;581;583;579;587;538;575;560;533;549;542;528;5053;6274;5336;5974;5546;5438;805;657;818;801;795;799
;16:59:19;37;569;582;544;577;573;553;616;582;556;565;544;574;707;719;732;753;739;750;725;737;716;714;709;677;744;741;750;730;733;759;776;732;753;709;712;733;666;671;615;616;717;631;611;584;609;584;648;660;816;779;785;850;816;815;1157;1143;1192;1187;1169;1062;775;750;796;746;743;762;709;699;687;730;736;712;579;572;580;561;576;592;584;559;562;538;533;514;5090;6321;5378;6036;5505;5422;856;680;827;826;825;825
;17:14:19;37;579;581;574;568;572;571;584;580;578;556;543;564;685;704;734;751;743;728;708;709;705;705;695;694;753;745;758;765;770;738;758;738;697;692;717;734;639;654;610;628;721;620;634;629;622;579;640;656;784;779;801;821;806;806;1172;1142;1220;1200;1135;1069;787;740;765;758;753;774;742;741;705;739;737;727;582;577;586;576;563;558;576;551;560;543;548;523;5101;6343;5381;6023;5563;5429;803;678;843;816;820;813
;17:29:19;37;574;580;565;587;573;562;611;566;571;549;545;576;724;730;718;730;752;748;730;709;749;721;706;697;739;754;761;761;777;784;737;726;725;711;718;717;663;667;621;631;750;620;633;595;598;597;669;668;818;793;829;832;824;805;1189;1139;1201;1208;1170;1086;766;758;781;785;767;776;755;731;720;711;722;728;582;562;568;551;571;568;580;556;556;531;541;521;5156;6344;5421;6122;5585;5487;817;681;835;824;829;806
;17:44:19;37;555;589;587;577;583;602;600;568;574;566;601;555;720;710;708;758;766;750;748;708;724;736;701;685;747;748;765;768;772;772;735;727;721;711;710;714;653;684;628;622;759;634;625;610;613;596;651;695;819;810;805;846;814;835;1163;1148;1219;1195;1151;1060;764;770;784;750;767;824;739;742;703;724;727;740;585;571;598;565;558;547;563;567;562;534;523;524;5157;6328;5405;6098;5601;5493;853;677;818;807;806;807
;17:59:19;37;574;583;569;603;588;573;621;578;572;559;574;561;721;702;739;763;766;764;744;700;737;703;685;723;769;748;774;767;765;761;750;718;720;720;732;718;675;682;632;625;739;669;616;597;592;551;633;658;799;813;809;834;828;821;1168;1118;1214;1178;1144;1092;767;751;784;742;772;774;729;739;698;743;725;733;562;574;565;590;575;566;574;560;546;564;533;549;5151;6359;5459;6096;5591;5505;835;688;864;816;834;817
;18:14:19;37;569;592;603;558;562;575;619;564;554;557;546;559;728;693;751;762;781;778;761;710;740;700;700;690;761;770;783;761;788;770;707;739;736;709;752;733;662;694;615;652;743;662;618;585;594;611;655;650;860;817;813;839;800;851;1206;1150;1210;1217;1139;1100;806;761;788;754;763;794;737;728;710;711;747;715;561;598;567;552;553;544;561;544;556;531;502;528;5235;6445;5510;6152;5701;5501;828;662;868;812;846;835
;;;;;;;;;;;;;;;;;;;;;;;;;;;;;;;;;;;;;;;;;;;;;;;;;;;;;;;;;;;;;;;;;;;;;;;;;;;;;;;;;;;;;;;;;;;;;;;;;;
Results;;;;;;;;;;;;;;;;;;;;;;;;;;;;;;;;;;;;;;;;;;;;;;;;;;;;;;;;;;;;;;;;;;;;;;;;;;;;;;;;;;;;;;;;;;;;;;;;;;
;;;;;;;;;;;;;;;;;;;;;;;;;;;;;;;;;;;;;;;;;;;;;;;;;;;;;;;;;;;;;;;;;;;;;;;;;;;;;;;;;;;;;;;;;;;;;;;;;;
;;1;2;3;4;5;6;7;8;9;10;11;12;;;;;;;;;;;;;;;;;;;;;;;;;;;;;;;;;;;;;;;;;;;;;;;;;;;;;;;;;;;;;;;;;;;;;;;;;;;;;;;;;;;;;
;A;-0,193;-0,127;-0,247;-0,187;-0,16;-0,16;2,46;0,48;-0,2;0,167;-0,187;-0,187;Max V [600];;;;;;;;;;;;;;;;;;;;;;;;;;;;;;;;;;;;;;;;;;;;;;;;;;;;;;;;;;;;;;;;;;;;;;;;;;;;;;;;;;;;
;;1;1;1;1;1;1;1;1;1;1;1;1;R-Squared [600];;;;;;;;;;;;;;;;;;;;;;;;;;;;;;;;;;;;;;;;;;;;;;;;;;;;;;;;;;;;;;;;;;;;;;;;;;;;;;;;;;;;
;;00:21:18;00:36:18;00:21:18;01:06:18;01:21:18;00:21:18;17:06:18;05:36:18;01:06:18;05:21:18;01:06:18;01:06:18;t at Max V [600];;;;;;;;;;;;;;;;;;;;;;;;;;;;;;;;;;;;;;;;;;;;;;;;;;;;;;;;;;;;;;;;;;;;;;;;;;;;;;;;;;;;
;;00:13:48;00:14:35;00:13:48;00:54:31;00:50:03;00:13:48;16:28:50;05:45:16;00:47:48;05:57:00;00:56:07;00:59:52;Lagtime [600];;;;;;;;;;;;;;;;;;;;;;;;;;;;;;;;;;;;;;;;;;;;;;;;;;;;;;;;;;;;;;;;;;;;;;;;;;;;;;;;;;;;
;;-3466,667;2333,333;2666,667;-3000;2600;-3133,333;3533,333;-3400;3466,667;2600;3733,333;2666,667;Max V [GFP_50:480,520];;;;;;;;;;;;;;;;;;;;;;;;;;;;;;;;;;;;;;;;;;;;;;;;;;;;;;;;;;;;;;;;;;;;;;;;;;;;;;;;;;;;
;;1;1;1;1;1;1;1;1;1;1;1;1;R-Squared [GFP_50:480,520];;;;;;;;;;;;;;;;;;;;;;;;;;;;;;;;;;;;;;;;;;;;;;;;;;;;;;;;;;;;;;;;;;;;;;;;;;;;;;;;;;;;
;;00:21:49;00:36:49;14:51:49;18:06:49;11:51:49;09:36:49;03:06:49;12:21:49;01:51:49;11:51:49;17:36:49;12:21:49;t at Max V [GFP_50:480,520];;;;;;;;;;;;;;;;;;;;;;;;;;;;;;;;;;;;;;;;;;;;;;;;;;;;;;;;;;;;;;;;;;;;;;;;;;;;;;;;;;;;
;;00:14:19;00:34:02;14:55:12;18:04:59;11:52:01;09:30:36;03:19:08;12:21:05;01:49:31;11:59:42;17:35:29;12:18:27;Lagtime [GFP_50:480,520];;;;;;;;;;;;;;;;;;;;;;;;;;;;;;;;;;;;;;;;;;;;;;;;;;;;;;;;;;;;;;;;;;;;;;;;;;;;;;;;;;;;
;B;3,307;2,86;2,407;1,987;2,267;2,787;4,507;3,9;4,287;2,853;3,3;4,66;Max V [600];;;;;;;;;;;;;;;;;;;;;;;;;;;;;;;;;;;;;;;;;;;;;;;;;;;;;;;;;;;;;;;;;;;;;;;;;;;;;;;;;;;;
;;1;1;1;1;1;1;1;1;1;1;1;1;R-Squared [600];;;;;;;;;;;;;;;;;;;;;;;;;;;;;;;;;;;;;;;;;;;;;;;;;;;;;;;;;;;;;;;;;;;;;;;;;;;;;;;;;;;;
;;07:36:18;04:36:18;08:06:18;14:21:18;14:36:18;04:51:18;08:06:18;07:51:18;08:06:18;07:51:18;07:51:18;07:36:18;t at Max V [600];;;;;;;;;;;;;;;;;;;;;;;;;;;;;;;;;;;;;;;;;;;;;;;;;;;;;;;;;;;;;;;;;;;;;;;;;;;;;;;;;;;;
;;05:14:30;03:12:37;05:32:55;09:04:29;10:11:30;04:07:01;06:12:16;05:46:33;06:06:34;05:02:54;05:24:39;05:54:36;Lagtime [600];;;;;;;;;;;;;;;;;;;;;;;;;;;;;;;;;;;;;;;;;;;;;;;;;;;;;;;;;;;;;;;;;;;;;;;;;;;;;;;;;;;;
;;2600;-3200;3800;2933,333;-2866,667;-3466,667;3400;3333,333;-3133,333;-4200;-2600;3000;Max V [GFP_50:480,520];;;;;;;;;;;;;;;;;;;;;;;;;;;;;;;;;;;;;;;;;;;;;;;;;;;;;;;;;;;;;;;;;;;;;;;;;;;;;;;;;;;;
;;1;1;1;1;1;1;1;1;1;1;1;1;R-Squared [GFP_50:480,520];;;;;;;;;;;;;;;;;;;;;;;;;;;;;;;;;;;;;;;;;;;;;;;;;;;;;;;;;;;;;;;;;;;;;;;;;;;;;;;;;;;;
;;17:21:49;11:36:49;04:21:49;05:36:49;10:21:49;07:21:49;16:36:49;00:36:49;14:36:49;00:36:49;01:36:49;05:36:49;t at Max V [GFP_50:480,520];;;;;;;;;;;;;;;;;;;;;;;;;;;;;;;;;;;;;;;;;;;;;;;;;;;;;;;;;;;;;;;;;;;;;;;;;;;;;;;;;;;;
;;16:47:47;11:57:08;04:17:28;05:32:03;10:38:44;07:35:40;16:06:05;00:32:37;15:14:00;00:35:30;01:27:47;05:30:59;Lagtime [GFP_50:480,520];;;;;;;;;;;;;;;;;;;;;;;;;;;;;;;;;;;;;;;;;;;;;;;;;;;;;;;;;;;;;;;;;;;;;;;;;;;;;;;;;;;;
;C;2,147;4,04;2,6;2,853;3,633;2,94;4,007;3,78;2,673;4,473;2,867;3,053;Max V [600];;;;;;;;;;;;;;;;;;;;;;;;;;;;;;;;;;;;;;;;;;;;;;;;;;;;;;;;;;;;;;;;;;;;;;;;;;;;;;;;;;;;
;;1;1;1;1;1;1;1;1;1;1;1;1;R-Squared [600];;;;;;;;;;;;;;;;;;;;;;;;;;;;;;;;;;;;;;;;;;;;;;;;;;;;;;;;;;;;;;;;;;;;;;;;;;;;;;;;;;;;
;;04:51:18;05:06:18;05:06:18;03:36:18;05:36:18;03:51:18;07:36:18;06:51:18;03:21:18;03:51:18;10:06:18;03:06:18;t at Max V [600];;;;;;;;;;;;;;;;;;;;;;;;;;;;;;;;;;;;;;;;;;;;;;;;;;;;;;;;;;;;;;;;;;;;;;;;;;;;;;;;;;;;
;;03:28:09;04:18:47;04:03:50;03:13:56;04:43:13;03:24:29;05:27:50;04:48:32;02:16:52;03:01:09;05:57:08;02:22:17;Lagtime [600];;;;;;;;;;;;;;;;;;;;;;;;;;;;;;;;;;;;;;;;;;;;;;;;;;;;;;;;;;;;;;;;;;;;;;;;;;;;;;;;;;;;
;;-2600;2600;-2600;2666,667;2733,333;3066,667;-2866,667;3133,333;-3733,333;3066,667;3200;4066,667;Max V [GFP_50:480,520];;;;;;;;;;;;;;;;;;;;;;;;;;;;;;;;;;;;;;;;;;;;;;;;;;;;;;;;;;;;;;;;;;;;;;;;;;;;;;;;;;;;
;;1;1;1;1;1;1;1;1;1;1;1;1;R-Squared [GFP_50:480,520];;;;;;;;;;;;;;;;;;;;;;;;;;;;;;;;;;;;;;;;;;;;;;;;;;;;;;;;;;;;;;;;;;;;;;;;;;;;;;;;;;;;
;;11:06:49;13:36:49;02:36:49;06:36:49;03:51:49;17:21:49;18:06:49;11:36:49;17:06:49;08:36:49;04:21:49;02:36:49;t at Max V [GFP_50:480,520];;;;;;;;;;;;;;;;;;;;;;;;;;;;;;;;;;;;;;;;;;;;;;;;;;;;;;;;;;;;;;;;;;;;;;;;;;;;;;;;;;;;
;;11:33:10;13:05:51;02:44:19;06:28:34;03:58:57;16:33:53;?????;11:06:01;17:38:58;08:07:28;04:17:45;02:37:55;Lagtime [GFP_50:480,520];;;;;;;;;;;;;;;;;;;;;;;;;;;;;;;;;;;;;;;;;;;;;;;;;;;;;;;;;;;;;;;;;;;;;;;;;;;;;;;;;;;;
;D;3,093;4,74;3,273;3,487;2,393;4,113;0,14;3,473;-0,193;-0,22;2,533;2,593;Max V [600];;;;;;;;;;;;;;;;;;;;;;;;;;;;;;;;;;;;;;;;;;;;;;;;;;;;;;;;;;;;;;;;;;;;;;;;;;;;;;;;;;;;
;;1;1;1;1;1;1;1;1;1;1;1;1;R-Squared [600];;;;;;;;;;;;;;;;;;;;;;;;;;;;;;;;;;;;;;;;;;;;;;;;;;;;;;;;;;;;;;;;;;;;;;;;;;;;;;;;;;;;
;;12:36:18;11:21:18;16:51:18;16:36:18;05:51:18;15:36:18;01:51:18;18:06:18;01:06:18;00:51:18;13:51:18;14:06:18;t at Max V [600];;;;;;;;;;;;;;;;;;;;;;;;;;;;;;;;;;;;;;;;;;;;;;;;;;;;;;;;;;;;;;;;;;;;;;;;;;;;;;;;;;;;
;;12:05:57;10:56:24;16:20:28;16:00:57;05:02:39;15:10:11;02:28:05;17:40:19;00:51:34;00:30:10;13:16:36;12:14:04;Lagtime [600];;;;;;;;;;;;;;;;;;;;;;;;;;;;;;;;;;;;;;;;;;;;;;;;;;;;;;;;;;;;;;;;;;;;;;;;;;;;;;;;;;;;
;;2733,333;3466,667;-2733,333;2666,667;3066,667;-3400;-2933,333;3000;-3000;4000;-2666,667;3066,667;Max V [GFP_50:480,520];;;;;;;;;;;;;;;;;;;;;;;;;;;;;;;;;;;;;;;;;;;;;;;;;;;;;;;;;;;;;;;;;;;;;;;;;;;;;;;;;;;;
;;1;1;1;1;1;1;1;1;1;1;1;1;R-Squared [GFP_50:480,520];;;;;;;;;;;;;;;;;;;;;;;;;;;;;;;;;;;;;;;;;;;;;;;;;;;;;;;;;;;;;;;;;;;;;;;;;;;;;;;;;;;;
;;16:51:49;10:21:49;13:36:49;01:06:49;01:51:49;11:06:49;14:06:49;17:06:49;05:51:49;18:06:49;10:21:49;08:21:49;t at Max V [GFP_50:480,520];;;;;;;;;;;;;;;;;;;;;;;;;;;;;;;;;;;;;;;;;;;;;;;;;;;;;;;;;;;;;;;;;;;;;;;;;;;;;;;;;;;;
;;16:33:20;10:23:16;13:37:22;01:08:19;01:59:19;11:07:15;13:57:57;16:59:39;05:55:19;18:08:49;10:16:57;08:25:05;Lagtime [GFP_50:480,520];;;;;;;;;;;;;;;;;;;;;;;;;;;;;;;;;;;;;;;;;;;;;;;;;;;;;;;;;;;;;;;;;;;;;;;;;;;;;;;;;;;;
;E;5,767;2,087;2,473;2,293;3,167;4,02;3,267;3,333;4,273;5,133;3,047;3,447;Max V [600];;;;;;;;;;;;;;;;;;;;;;;;;;;;;;;;;;;;;;;;;;;;;;;;;;;;;;;;;;;;;;;;;;;;;;;;;;;;;;;;;;;;
;;1;1;1;1;1;1;1;1;1;1;1;1;R-Squared [600];;;;;;;;;;;;;;;;;;;;;;;;;;;;;;;;;;;;;;;;;;;;;;;;;;;;;;;;;;;;;;;;;;;;;;;;;;;;;;;;;;;;
;;02:21:18;05:06:18;05:06:18;04:36:18;07:51:18;08:21:18;08:21:18;03:51:18;08:21:18;08:21:18;08:21:18;04:06:18;t at Max V [600];;;;;;;;;;;;;;;;;;;;;;;;;;;;;;;;;;;;;;;;;;;;;;;;;;;;;;;;;;;;;;;;;;;;;;;;;;;;;;;;;;;;
;;02:10:10;04:03:53;04:07:56;03:25:58;05:22:39;06:25:24;05:59:56;03:13:26;06:27:00;06:47:16;05:48:39;03:27:00;Lagtime [600];;;;;;;;;;;;;;;;;;;;;;;;;;;;;;;;;;;;;;;;;;;;;;;;;;;;;;;;;;;;;;;;;;;;;;;;;;;;;;;;;;;;
;;4066,667;-3066,667;2666,667;-2866,667;2866,667;2600;3333,333;4266,667;4066,667;4133,333;3666,667;4133,333;Max V [GFP_50:480,520];;;;;;;;;;;;;;;;;;;;;;;;;;;;;;;;;;;;;;;;;;;;;;;;;;;;;;;;;;;;;;;;;;;;;;;;;;;;;;;;;;;;
;;1;1;1;1;1;1;1;1;1;1;1;1;R-Squared [GFP_50:480,520];;;;;;;;;;;;;;;;;;;;;;;;;;;;;;;;;;;;;;;;;;;;;;;;;;;;;;;;;;;;;;;;;;;;;;;;;;;;;;;;;;;;
;;18:06:49;01:51:49;07:21:49;00:36:49;09:51:49;14:06:49;01:06:49;06:36:49;08:06:49;05:51:49;07:36:49;06:06:49;t at Max V [GFP_50:480,520];;;;;;;;;;;;;;;;;;;;;;;;;;;;;;;;;;;;;;;;;;;;;;;;;;;;;;;;;;;;;;;;;;;;;;;;;;;;;;;;;;;;
;;17:09:53;01:46:36;07:05:42;00:40:50;09:12:13;13:06:14;01:17:37;05:40:06;06:33:30;05:14:04;06:10:30;05:32:13;Lagtime [GFP_50:480,520];;;;;;;;;;;;;;;;;;;;;;;;;;;;;;;;;;;;;;;;;;;;;;;;;;;;;;;;;;;;;;;;;;;;;;;;;;;;;;;;;;;;
;F;-2,76;4,893;2,007;1,793;2,113;1,553;4,88;4,847;3,753;5,14;3,7;3,487;Max V [600];;;;;;;;;;;;;;;;;;;;;;;;;;;;;;;;;;;;;;;;;;;;;;;;;;;;;;;;;;;;;;;;;;;;;;;;;;;;;;;;;;;;
;;1;1;1;1;1;1;1;1;1;1;1;1;R-Squared [600];;;;;;;;;;;;;;;;;;;;;;;;;;;;;;;;;;;;;;;;;;;;;;;;;;;;;;;;;;;;;;;;;;;;;;;;;;;;;;;;;;;;
;;02:06:18;07:21:18;05:36:18;05:36:18;07:51:18;05:51:18;08:06:18;08:06:18;06:51:18;07:21:18;08:06:18;03:36:18;t at Max V [600];;;;;;;;;;;;;;;;;;;;;;;;;;;;;;;;;;;;;;;;;;;;;;;;;;;;;;;;;;;;;;;;;;;;;;;;;;;;;;;;;;;;
;;02:21:59;06:14:37;04:04:32;04:01:42;05:35:17;03:56:56;06:20:36;06:19:23;05:01:28;05:50:18;05:50:32;02:51:41;Lagtime [600];;;;;;;;;;;;;;;;;;;;;;;;;;;;;;;;;;;;;;;;;;;;;;;;;;;;;;;;;;;;;;;;;;;;;;;;;;;;;;;;;;;;
;;2600;-4133,333;-2733,333;2600;2733,333;-3333,333;2800;3666,667;2600;2400;3066,667;3066,667;Max V [GFP_50:480,520];;;;;;;;;;;;;;;;;;;;;;;;;;;;;;;;;;;;;;;;;;;;;;;;;;;;;;;;;;;;;;;;;;;;;;;;;;;;;;;;;;;;
;;1;1;1;1;1;1;1;1;1;1;1;1;R-Squared [GFP_50:480,520];;;;;;;;;;;;;;;;;;;;;;;;;;;;;;;;;;;;;;;;;;;;;;;;;;;;;;;;;;;;;;;;;;;;;;;;;;;;;;;;;;;;
;;13:21:49;04:36:49;03:51:49;11:36:49;08:06:49;17:51:49;08:51:49;01:51:49;09:51:49;13:36:49;06:21:49;05:51:49;t at Max V [GFP_50:480,520];;;;;;;;;;;;;;;;;;;;;;;;;;;;;;;;;;;;;;;;;;;;;;;;;;;;;;;;;;;;;;;;;;;;;;;;;;;;;;;;;;;;
;;12:45:51;04:37:47;03:48:20;11:04:42;07:55:39;?????;08:38:15;01:56:19;09:25:05;12:51:24;06:10:24;05:42:41;Lagtime [GFP_50:480,520];;;;;;;;;;;;;;;;;;;;;;;;;;;;;;;;;;;;;;;;;;;;;;;;;;;;;;;;;;;;;;;;;;;;;;;;;;;;;;;;;;;;
;G;0,087;0,047;-0,02;0,2;0,413;-0,087;-0,113;-0,207;-0,073;-0,027;0,253;0,133;Max V [600];;;;;;;;;;;;;;;;;;;;;;;;;;;;;;;;;;;;;;;;;;;;;;;;;;;;;;;;;;;;;;;;;;;;;;;;;;;;;;;;;;;;
;;1;1;1;1;1;1;1;1;1;1;1;1;R-Squared [600];;;;;;;;;;;;;;;;;;;;;;;;;;;;;;;;;;;;;;;;;;;;;;;;;;;;;;;;;;;;;;;;;;;;;;;;;;;;;;;;;;;;
;;09:21:18;03:36:18;03:36:18;13:51:18;12:36:18;03:36:18;07:36:18;02:06:18;11:36:18;07:06:18;11:51:18;01:21:18;t at Max V [600];;;;;;;;;;;;;;;;;;;;;;;;;;;;;;;;;;;;;;;;;;;;;;;;;;;;;;;;;;;;;;;;;;;;;;;;;;;;;;;;;;;;
;;09:14:57;03:33:05;03:28:48;13:40:48;12:42:06;03:38:02;07:40:16;02:19:36;11:56:04;07:06:18;11:43:24;01:12:18;Lagtime [600];;;;;;;;;;;;;;;;;;;;;;;;;;;;;;;;;;;;;;;;;;;;;;;;;;;;;;;;;;;;;;;;;;;;;;;;;;;;;;;;;;;;
;;-3400;-2800;-3733,333;-2866,667;3800;3600;3666,667;3866,667;2600;-3200;-3666,667;2600;Max V [GFP_50:480,520];;;;;;;;;;;;;;;;;;;;;;;;;;;;;;;;;;;;;;;;;;;;;;;;;;;;;;;;;;;;;;;;;;;;;;;;;;;;;;;;;;;;
;;1;1;1;1;1;1;1;1;1;1;1;1;R-Squared [GFP_50:480,520];;;;;;;;;;;;;;;;;;;;;;;;;;;;;;;;;;;;;;;;;;;;;;;;;;;;;;;;;;;;;;;;;;;;;;;;;;;;;;;;;;;;
;;11:06:49;14:21:49;03:51:49;16:06:49;14:21:49;16:51:49;13:36:49;11:51:49;09:51:49;11:36:49;14:21:49;13:51:49;t at Max V [GFP_50:480,520];;;;;;;;;;;;;;;;;;;;;;;;;;;;;;;;;;;;;;;;;;;;;;;;;;;;;;;;;;;;;;;;;;;;;;;;;;;;;;;;;;;;
;;10:55:47;14:12:53;03:49:57;15:57:55;14:29:51;16:55:59;13:42:08;12:01:54;09:55:28;11:27:45;14:14:35;14:02:24;Lagtime [GFP_50:480,520];;;;;;;;;;;;;;;;;;;;;;;;;;;;;;;;;;;;;;;;;;;;;;;;;;;;;;;;;;;;;;;;;;;;;;;;;;;;;;;;;;;;
;H;3,42;3,66;2,873;2,653;3,073;2,96;3,347;3,327;2,853;4,613;3,473;2,647;Max V [600];;;;;;;;;;;;;;;;;;;;;;;;;;;;;;;;;;;;;;;;;;;;;;;;;;;;;;;;;;;;;;;;;;;;;;;;;;;;;;;;;;;;
;;1;1;1;1;1;1;1;1;1;1;1;1;R-Squared [600];;;;;;;;;;;;;;;;;;;;;;;;;;;;;;;;;;;;;;;;;;;;;;;;;;;;;;;;;;;;;;;;;;;;;;;;;;;;;;;;;;;;
;;02:21:18;13:51:18;02:06:18;02:06:18;02:06:18;02:06:18;01:36:18;01:21:18;01:36:18;06:51:18;01:36:18;01:36:18;t at Max V [600];;;;;;;;;;;;;;;;;;;;;;;;;;;;;;;;;;;;;;;;;;;;;;;;;;;;;;;;;;;;;;;;;;;;;;;;;;;;;;;;;;;;
;;01:39:53;10:29:22;01:21:52;01:16:42;01:27:01;01:26:00;00:54:19;00:49:13;00:44:53;04:45:09;00:55:21;00:42:51;Lagtime [600];;;;;;;;;;;;;;;;;;;;;;;;;;;;;;;;;;;;;;;;;;;;;;;;;;;;;;;;;;;;;;;;;;;;;;;;;;;;;;;;;;;;
;;15000;19866,667;17466,667;21333,333;15400;17933,333;-3533,333;-3266,667;3333,333;-2866,667;3266,667;3333,333;Max V [GFP_50:480,520];;;;;;;;;;;;;;;;;;;;;;;;;;;;;;;;;;;;;;;;;;;;;;;;;;;;;;;;;;;;;;;;;;;;;;;;;;;;;;;;;;;;
;;1;1;1;1;1;1;1;1;1;1;1;1;R-Squared [GFP_50:480,520];;;;;;;;;;;;;;;;;;;;;;;;;;;;;;;;;;;;;;;;;;;;;;;;;;;;;;;;;;;;;;;;;;;;;;;;;;;;;;;;;;;;
;;11:36:49;12:36:49;10:21:49;12:51:49;11:06:49;12:51:49;17:06:49;15:51:49;12:51:49;11:06:49;13:36:49;09:21:49;t at Max V [GFP_50:480,520];;;;;;;;;;;;;;;;;;;;;;;;;;;;;;;;;;;;;;;;;;;;;;;;;;;;;;;;;;;;;;;;;;;;;;;;;;;;;;;;;;;;
;;08:18:11;09:17:32;08:01:23;09:25:26;07:51:08;09:00:36;18:10:55;16:50:26;12:08:01;11:54:05;12:41:52;08:56:19;Lagtime [GFP_50:480,520];;;;;;;;;;;;;;;;;;;;;;;;;;;;;;;;;;;;;;;;;;;;;;;;;;;;;;;;;;;;;;;;;;;;;;;;;;;;;;;;;;;;
