User: USER;Path: C:\Program Files\BMG\OPTIMA\User\Data\;Test run no.: 6582
Test name: ECOLI YFP;Date: 2016-12-06;Time: 5:20:24 PM
ID1: 20161201 Praktikum - pRAJ11  1;ID2: Fluorescence;
Fluorescence (FI)

Well Row;;A;A;A;A;A;A;A;A;A;A;A;A;B;B;B;B;B;B;B;B;B;B;B;B;C;C;C;C;C;C;C;C;C;C;C;C;D;D;D;D;D;D;D;D;D;D;D;D;E;E;E;E;E;E;E;E;E;E;E;E;F;F;F;F;F;F;F;F;F;F;F;F;G;G;G;G;G;G;G;G;G;G;G;G;H;H;H;H;H;H;H;H;H;H;H;H
Well Col;;1;2;3;4;5;6;7;8;9;10;11;12;1;2;3;4;5;6;7;8;9;10;11;12;1;2;3;4;5;6;7;8;9;10;11;12;1;2;3;4;5;6;7;8;9;10;11;12;1;2;3;4;5;6;7;8;9;10;11;12;1;2;3;4;5;6;7;8;9;10;11;12;1;2;3;4;5;6;7;8;9;10;11;12;1;2;3;4;5;6;7;8;9;10;11;12
Content;Time [s];Sample X1;Sample X2;Sample X3;Sample X4;Sample X5;Sample X6;Sample X7;Sample X8;Sample X9;Sample X10;Sample X11;Sample X12;Sample X1;Sample X2;Sample X3;Sample X4;Sample X5;Sample X6;Sample X7;Sample X8;Sample X9;Sample X10;Sample X11;Sample X12;Sample X1;Sample X2;Sample X3;Sample X4;Sample X5;Sample X6;Sample X7;Sample X8;Sample X9;Sample X10;Sample X11;Sample X12;Sample X1;Sample X2;Sample X3;Sample X4;Sample X5;Sample X6;Sample X7;Sample X8;Sample X9;Sample X10;Sample X11;Sample X12;Sample X1;Sample X2;Sample X3;Sample X4;Sample X5;Sample X6;Sample X7;Sample X8;Sample X9;Sample X10;Sample X11;Sample X12;Sample X1;Sample X2;Sample X3;Sample X4;Sample X5;Sample X6;Sample X7;Sample X8;Sample X9;Sample X10;Sample X11;Sample X12;Sample X1;Sample X2;Sample X3;Sample X4;Sample X5;Sample X6;Sample X7;Sample X8;Sample X9;Sample X10;Sample X11;Sample X12;Sample X1;Sample X2;Sample X3;Sample X4;Sample X5;Sample X6;Sample X7;Sample X8;Sample X9;Sample X10;Sample X11;Sample X12
Raw Data (485/Em520);0;982;964;966;953;958;955;451;950;957;929;921;898;961;947;953;958;942;946;958;913;948;895;911;924;973;960;979;967;969;962;962;974;944;960;924;930;982;965;968;968;957;944;977;972;941;941;953;904;997;962;975;963;942;959;961;954;960;975;940;935;983;957;812;951;971;945;977;999;952;952;937;944;463;939;964;961;984;999;1003;975;948;970;912;933;945;922;953;937;945;934;976;923;913;914;971;880
Raw Data (485/Em520);609;972;953;955;950;939;946;448;947;942;924;906;886;940;928;938;942;917;926;938;894;929;882;883;904;960;940;955;936;949;943;940;954;922;941;914;914;966;945;951;947;939;932;959;954;921;926;934;896;972;935;944;938;922;945;933;935;938;959;926;918;961;934;801;926;953;919;948;965;928;925;913;924;449;921;940;936;958;965;981;947;923;952;892;916;928;910;937;921;940;922;964;915;896;896;956;865
Raw Data (485/Em520);1219;960;933;942;935;930;937;444;936;938;912;897;879;929;918;924;928;913;917;921;885;917;868;876;892;947;932;946;925;935;941;935;943;915;922;899;899;946;933;936;935;921;915;941;937;910;912;917;886;952;924;931;929;903;924;918;914;919;944;908;905;947;919;791;919;933;909;939;963;920;910;902;927;443;906;925;917;943;956;964;940;915;937;876;902;918;896;927;902;925;910;954;906;889;893;941;863
Raw Data (485/Em520);1830;951;922;938;924;924;928;441;931;925;908;896;875;928;906;926;927;907;914;918;878;912;859;876;895;930;914;935;919;934;930;926;933;908;913;896;900;936;920;923;917;918;912;940;935;907;915;921;880;942;912;930;917;900;918;915;917;924;947;903;901;940;911;776;904;928;897;931;954;909;908;896;912;441;894;923;916;938;954;954;934;908;926;880;894;917;892;923;912;919;903;952;905;889;899;935;853
Raw Data (485/Em520);2439;952;932;931;912;921;928;436;918;925;902;884;870;920;906;915;916;901;916;921;872;903;866;868;889;936;915;922;912;922;922;920;928;901;920;880;884;938;918;917;917;911;899;925;928;899;905;912;873;943;912;922;913;903;912;912;910;911;939;901;889;937;904;776;901;921;897;926;941;895;901;889;909;439;894;915;906;930;943;951;929;900;922;870;892;912;887;910;903;919;905;945;898;889;882;932;854
Raw Data (485/Em520);3049;943;910;921;922;920;920;446;922;920;903;892;869;920;908;914;908;899;912;915;877;909;860;869;882;930;906;927;912;926;922;911;925;908;914;892;892;935;914;922;915;910;899;927;922;899;901;912;873;935;903;916;908;891;908;905;907;913;930;906;890;934;904;773;902;920;892;925;946;905;899;888;908;439;891;912;906;928;949;954;927;898;922;869;886;916;890;927;906;920;912;950;905;887;889;932;849
Raw Data (485/Em520);3658;938;914;924;916;915;921;441;912;917;893;887;866;913;901;907;910;895;912;912;868;903;857;869;885;928;903;921;909;914;916;909;925;898;905;890;888;929;904;918;915;907;895;929;917;899;895;906;870;932;903;912;903;887;907;901;907;909;922;898;893;924;898;773;899;913;888;921;945;901;892;890;901;439;884;910;909;924;944;948;922;896;915;856;884;918;891;923;907;920;913;950;898;884;886;926;845
Raw Data (485/Em520);4268;935;908;917;912;913;909;437;918;917;891;878;859;912;901;906;908;893;900;906;869;899;856;858;878;926;904;923;903;915;913;903;924;902;909;880;879;921;912;911;910;902;889;925;916;891;898;904;872;929;897;907;905;883;904;892;901;903;926;891;888;926;889;767;892;917;887;914;936;895;893;883;897;437;882;907;905;918;938;945;913;891;915;862;877;918;897;930;914;924;912;948;903;886;882;926;848
Raw Data (485/Em520);4877;933;906;913;908;910;911;438;906;912;890;886;863;908;896;907;906;897;903;901;867;896;853;863;881;921;898;914;896;919;909;898;918;888;904;878;882;919;905;906;902;901;884;914;912;889;897;904;870;926;889;914;902;884;905;899;903;901;926;901;888;923;893;758;895;910;881;915;940;895;889;874;890;434;875;903;899;917;931;935;914;889;914;862;878;917;900;917;904;928;914;954;907;885;883;925;849
Raw Data (485/Em520);5486;924;910;914;905;906;913;441;901;911;896;886;856;913;895;909;908;887;906;904;863;889;850;860;877;915;892;921;890;905;902;903;915;892;900;880;879;920;899;910;898;894;884;918;909;889;891;898;866;923;895;912;901;885;900;900;900;902;922;895;884;920;893;765;888;910;884;915;933;893;889;877;895;435;881;904;896;918;929;931;915;891;908;860;877;913;897;923;909;923;913;952;908;890;881;923;848
Raw Data (485/Em520);6096;924;901;911;909;900;902;435;903;911;891;879;864;914;897;903;902;892;900;897;869;894;851;863;875;924;890;917;901;916;910;899;916;892;897;877;883;916;899;904;903;894;880;911;912;887;891;906;869;927;893;909;902;883;902;895;906;901;920;894;892;912;890;766;891;908;877;903;932;895;886;877;889;436;873;897;898;915;928;938;906;888;905;863;869;921;904;934;916;933;924;956;914;891;884;925;855
Raw Data (485/Em520);6706;925;891;912;903;904;909;439;906;905;884;874;854;907;889;901;898;885;897;904;865;892;851;857;868;920;888;912;898;910;904;902;916;894;899;875;880;915;893;902;896;884;888;912;912;884;884;901;857;929;894;903;895;881;899;891;896;897;929;889;893;921;891;764;886;907;882;907;929;892;886;877;887;430;873;900;893;914;927;935;905;882;902;855;871;924;911;931;923;932;927;954;915;882;888;924;854
Raw Data (485/Em520);7315;925;898;910;906;899;906;434;906;900;887;878;857;913;893;899;904;890;897;906;864;888;842;854;876;914;897;916;890;913;904;906;922;896;902;883;886;917;900;902;897;891;881;911;905;885;885;894;857;937;896;904;895;880;894;893;900;900;920;893;890;916;887;762;890;904;878;908;932;893;885;871;887;432;873;892;892;911;924;934;904;881;906;848;867;931;920;942;933;934;938;963;914;890;887;921;848
Raw Data (485/Em520);7925;921;901;904;904;900;901;435;904;901;886;877;855;914;891;903;900;885;894;900;868;899;844;854;877;922;900;915;899;912;904;906;923;900;905;879;885;911;897;900;902;894;877;911;910;880;884;897;855;926;890;908;896;882;900;894;900;901;918;894;894;924;885;760;889;909;875;913;932;893;885;879;892;429;863;892;886;911;918;930;905;884;900;848;870;938;928;946;937;939;940;967;924;901;889;924;854
Raw Data (485/Em520);8535;923;904;904;899;902;904;437;906;900;884;876;854;915;889;904;907;890;897;901;867;897;847;858;875;924;892;914;894;913;898;906;923;899;901;881;880;916;894;895;896;887;882;905;907;885;885;895;860;927;890;901;894;884;901;897;901;905;928;898;890;924;890;759;889;904;880;906;931;892;885;873;883;430;867;891;891;904;923;932;903;879;905;849;866;945;926;957;944;952;952;966;920;903;898;932;851
Raw Data (485/Em520);9144;925;894;905;902;899;909;436;902;901;889;873;856;907;891;904;904;891;902;904;863;896;853;859;876;923;892;916;908;905;909;908;923;891;910;880;884;914;894;895;891;887;879;906;904;880;882;890;857;925;891;908;901;876;898;893;894;901;917;898;891;918;889;762;892;910;877;910;926;893;882;873;883;426;870;893;882;907;920;926;896;877;902;852;869;953;939;966;945;959;943;979;929;904;902;931;852
Raw Data (485/Em520);9754;921;897;905;901;903;899;436;902;898;885;879;850;928;895;908;911;888;901;904;870;893;850;861;876;929;903;918;897;911;904;909;917;906;908;883;893;911;891;900;894;889;878;903;910;877;885;890;852;933;888;907;899;881;896;896;901;901;924;899;901;925;895;762;890;905;877;900;930;888;885;872;887;428;868;888;879;908;918;929;907;876;900;845;868;963;945;975;962;968;962;973;935;906;905;936;861
Raw Data (485/Em520);10364;911;890;903;896;894;902;435;906;900;885;880;854;921;902;911;905;897;900;911;867;896;851;865;882;929;895;917;902;914;912;907;926;900;908;891;888;908;890;894;893;890;877;906;901;877;883;894;856;934;895;908;901;884;897;891;902;899;928;904;905;930;893;769;887;909;879;904;931;893;885;876;891;431;863;892;886;907;916;922;898;872;895;846;867;966;958;978;964;966;967;989;937;904;909;941;866
Raw Data (485/Em520);10974;920;894;906;897;896;900;439;901;897;883;874;858;922;903;910;906;901;913;908;873;901;849;867;882;936;901;925;900;911;918;918;930;910;913;894;899;911;888;889;894;890;870;903;906;877;876;896;859;934;898;907;898;886;905;896;893;909;935;907;910;929;894;770;890;911;882;904;929;893;883;870;891;430;872;884;876;903;914;918;899;876;896;845;865;980;960;990;973;985;985;986;949;912;913;943;866
Raw Data (485/Em520);11585;916;890;908;899;898;905;435;898;894;877;871;856;934;904;916;912;901;910;913;871;903;858;870;885;936;905;919;900;917;917;927;936;906;923;901;901;910;891;889;895;889;875;898;903;874;882;891;853;935;903;908;901;885;907;900;902;902;928;920;908;930;899;766;898;909;882;903;929;895;890;875;888;430;867;891;885;906;913;925;901;879;901;841;869;988;983;999;986;993;995;997;956;919;911;938;875
Raw Data (485/Em520);12195;917;890;907;904;898;905;435;898;895;883;876;853;938;907;923;919;910;918;918;876;906;867;872;889;939;905;926;912;916;913;932;942;916;921;909;906;913;893;896;894;889;880;905;901;880;880;890;850;947;898;908;906;891;912;897;906;913;938;915;916;934;898;765;899;913;888;910;931;892;881;879;889;428;869;883;887;899;918;923;898;877;896;849;866;1006;988;1010;999;1007;1014;1006;959;919;917;948;873
Raw Data (485/Em520);12807;918;895;897;898;894;899;436;899;894;882;872;847;941;913;924;921;915;920;925;884;913;869;880;896;947;916;927;917;923;925;939;949;922;935;918;910;909;889;891;894;886;875;895;906;871;884;886;859;947;902;915;911;889;911;896;901;909;941;922;923;940;904;776;897;914;896;910;934;897;885;875;887;424;862;890;882;903;919;926;902;871;897;843;862;1025;1004;1029;1019;1016;1023;1013;966;922;925;951;874
Raw Data (485/Em520);13418;917;895;905;901;896;898;438;899;897;878;877;853;942;913;929;929;912;923;929;883;917;871;879;893;949;922;935;915;929;925;937;952;922;939;925;913;908;883;899;890;885;876;902;905;875;882;890;854;949;908;918;910;895;910;899;908;911;948;929;936;946;912;781;906;926;892;909;935;894;888;880;885;427;866;886;879;904;916;921;902;876;895;844;861;1037;1019;1043;1031;1026;1041;1012;972;936;927;949;877
Raw Data (485/Em520);14029;911;891;905;899;895;900;437;901;898;888;872;852;948;915;930;932;921;933;934;891;921;876;884;897;946;921;937;918;932;927;949;958;933;943;920;923;905;892;896;887;883;877;902;899;876;879;892;851;952;911;924;922;896;916;898;906;924;952;937;938;945;905;782;907;930;898;908;939;897;888;874;890;427;863;888;882;902;920;928;895;876;896;845;862;1056;1031;1058;1045;1045;1059;1020;974;941;936;956;882
Raw Data (485/Em520);14640;923;892;904;899;895;898;440;903;898;885;872;854;943;921;937;934;926;929;943;898;925;883;891;913;951;927;939;931;935;941;953;971;939;950;928;932;909;891;893;893;879;875;901;900;882;885;890;848;956;917;923;922;907;922;903;917;920;960;945;947;949;909;788;904;930;910;918;935;893;893;881;886;427;866;887;875;903;913;925;903;871;898;852;862;1072;1061;1071;1066;1059;1078;1023;988;950;938;957;887
Raw Data (485/Em520);15250;920;894;905;898;898;899;439;906;898;883;883;858;954;929;939;940;921;937;942;902;935;890;900;913;964;925;946;926;935;937;961;972;948;960;937;939;911;889;894;896;888;874;904;905;880;883;884;852;961;924;928;925;912;924;907;918;929;962;956;958;954;919;790;917;933;904;925;942;901;891;881;898;423;867;892;879;907;917;924;904;874;900;848;861;1090;1075;1092;1089;1075;1102;1033;992;948;947;962;898
Raw Data (485/Em520);15860;921;891;897;892;902;906;434;903;896;879;879;859;954;938;943;950;929;938;955;911;935;891;904;926;966;936;949;935;944;941;967;975;952;962;946;945;907;888;891;891;883;876;901;903;878;888;894;856;958;923;932;925;916;929;918;919;928;968;956;958;957;916;792;917;937;912;924;941;907;894;885;898;428;862;890;884;905;911;922;893;875;893;843;866;1117;1102;1108;1104;1092;1117;1030;998;949;953;969;895
Raw Data (485/Em520);16471;913;891;908;899;902;903;440;905;896;882;877;854;964;940;953;954;934;955;959;915;942;901;909;931;968;939;964;938;951;948;969;984;955;965;947;949;909;889;896;887;888;876;901;902;876;887;892;850;965;936;941;931;921;935;914;923;941;976;963;978;964;923;801;922;944;914;931;949;908;904;877;893;425;860;881;883;898;916;917;896;875;896;847;860;1138;1118;1136;1125;1106;1144;1032;995;955;951;972;903
Raw Data (485/Em520);17081;913;891;903;897;904;906;435;902;894;888;874;863;974;957;964;952;954;958;972;921;948;904;920;932;975;951;972;952;956;955;976;987;958;977;957;954;911;890;895;893;888;882;903;911;875;881;885;860;974;928;944;945;929;942;918;926;935;988;975;981;971;924;804;927;945;921;931;946;913;899;890;900;430;867;889;886;906;911;927;896;878;898;846;865;1160;1140;1161;1159;1130;1162;1034;1006;959;964;975;904
Raw Data (485/Em520);17692;916;892;908;899;895;900;435;900;896;881;875;856;974;951;961;961;954;966;980;928;956;920;925;941;982;950;970;955;957;956;989;989;967;979;965;963;907;892;894;892;887;877;907;903;881;885;894;854;976;939;947;953;932;946;919;938;946;990;988;999;971;934;806;931;954;918;933;953;912;904;888;903;427;866;891;886;899;913;922;903;876;905;846;861;1190;1167;1192;1185;1157;1196;1048;1010;970;966;976;903
Raw Data (485/Em520);18303;921;895;909;904;903;903;439;907;902;893;879;860;981;958;968;969;957;962;990;927;963;927;930;950;985;954;981;958;967;961;990;995;973;985;971;966;910;897;892;895;889;884;911;907;877;884;892;857;979;944;956;954;941;956;926;940;944;1001;997;1003;970;940;817;935;966;931;935;950;920;910;894;909;427;864;891;884;910;922;928;900;884;902;847;870;1215;1198;1210;1216;1176;1223;1057;1016;968;971;987;907
Raw Data (485/Em520);18914;920;892;901;907;899;897;437;906;902;883;878;862;983;960;965;972;957;969;988;944;967;933;935;954;995;961;971;963;970;966;1000;1001;968;986;966;971;915;891;896;884;887;883;905;907;879;881;892;854;985;956;951;958;946;964;928;943;955;1007;1012;1017;982;941;817;942;963;932;941;961;923;908;896;908;424;864;887;880;900;917;924;904;877;899;850;864;1248;1234;1241;1233;1202;1252;1064;1016;971;969;981;920
Raw Data (485/Em520);19525;920;891;902;902;903;901;436;901;903;884;880;855;989;964;978;976;962;972;996;950;975;940;945;958;990;967;986;962;972;972;1000;1003;977;994;977;978;910;886;897;888;883;884;906;906;876;883;891;856;985;967;961;964;948;961;931;943;951;1021;1019;1029;979;947;822;948;970;937;944;965;919;918;900;901;428;867;878;878;908;918;928;896;878;898;850;862;1285;1262;1275;1273;1230;1287;1064;1025;981;969;987;910
Raw Data (485/Em520);20135;917;887;900;898;903;902;439;900;897;885;877;858;989;972;978;976;970;969;1001;951;980;941;945;961;999;965;987;974;977;966;1007;1010;986;1001;987;983;912;893;896;891;891;878;901;907;880;879;889;854;995;957;964;964;951;963;936;963;968;1030;1030;1033;983;952;819;952;975;940;950;963;924;922;900;910;428;861;887;886;904;915;926;900;875;896;848;863;1320;1296;1304;1306;1252;1323;1071;1029;981;980;990;921
Raw Data (485/Em520);20747;916;893;903;900;893;901;436;899;901;886;881;852;989;973;979;971;963;974;1010;954;977;946;952;966;1000;972;993;978;972;978;1014;1015;986;1009;990;987;913;886;895;896;889;874;905;905;877;882;890;850;990;965;966;966;954;970;943;956;970;1037;1038;1045;983;946;830;956;972;951;952;965;933;916;908;911;425;862;891;881;905;910;925;903;876;884;849;868;1362;1346;1355;1359;1291;1364;1078;1040;986;980;990;921
Raw Data (485/Em520);21357;917;890;904;900;896;899;439;897;892;884;878;857;1001;972;985;976;968;980;1011;959;984;949;960;972;997;968;993;974;976;981;1014;1024;994;1015;986;990;905;896;892;890;884;881;901;903;880;885;889;856;985;972;968;968;952;973;940;962;981;1043;1046;1061;985;956;828;952;974;950;955;970;933;926;905;914;426;863;885;879;903;919;919;895;874;894;839;863;1407;1391;1399;1399;1330;1413;1085;1039;989;983;992;920
Raw Data (485/Em520);21968;916;894;900;900;901;898;435;899;899;884;870;852;1005;978;982;987;980;979;1018;966;990;952;968;980;1009;984;997;978;986;983;1020;1025;991;1020;1004;999;905;888;898;892;884;876;906;903;877;885;890;853;996;975;971;975;959;976;943;971;986;1052;1060;1072;989;957;827;955;983;946;956;972;940;929;910;922;429;864;891;881;904;910;921;901;872;896;841;863;1458;1442;1447;1454;1363;1471;1093;1042;997;992;998;928
Raw Data (485/Em520);22580;918;887;899;896;896;899;434;903;892;887;875;857;1004;983;990;992;984;984;1028;969;995;966;966;983;1010;982;1003;986;987;983;1019;1031;1000;1022;1005;1004;908;892;892;891;886;874;905;903;875;882;886;853;995;981;971;984;968;981;955;977;991;1060;1072;1087;991;951;836;956;986;960;960;973;939;934;914;923;428;866;891;879;904;914;916;895;878;899;845;865;1533;1495;1512;1524;1422;1532;1097;1054;999;994;1001;932
Raw Data (485/Em520);23191;916;900;909;901;894;899;433;910;898;886;880;860;1000;989;986;994;982;993;1031;971;997;966;975;988;1016;988;1005;982;986;987;1030;1026;1000;1018;1006;1000;911;889;890;887;885;884;903;901;883;877;884;852;1005;979;979;983;968;982;950;981;998;1073;1082;1099;997;962;839;957;985;959;959;973;941;939;924;930;426;865;881;880;904;910;923;895;876;896;841;859;1594;1565;1574;1581;1466;1597;1098;1061;1001;1000;1000;938
Raw Data (485/Em520);23802;916;890;903;902;888;895;432;897;897;879;880;855;1002;984;992;1003;983;1001;1031;975;1007;971;973;993;1022;997;1012;990;990;997;1031;1037;1005;1028;1002;1010;906;883;891;886;887;877;900;904;878;880;891;853;1003;987;983;992;972;992;957;982;1006;1079;1100;1114;998;966;843;961;987;963;963;981;949;937;922;933;427;861;885;878;904;914;919;897;874;888;846;862;1652;1624;1631;1647;1542;1665;1109;1058;1006;998;1010;937
Raw Data (485/Em520);24413;917;893;903;894;897;902;435;897;891;878;875;855;1000;991;1003;1002;990;993;1035;981;1000;976;984;994;1027;999;1018;996;998;992;1041;1048;1007;1027;1015;1016;907;889;891;891;885;875;907;905;878;879;887;854;1009;984;988;1000;972;1001;970;993;1010;1095;1113;1136;1000;969;849;962;996;971;975;987;947;941;920;934;425;865;885;886;900;912;921;897;867;892;845;861;1719;1700;1707;1715;1596;1734;1122;1068;1006;1003;1007;946
Raw Data (485/Em520);25024;913;888;901;900;895;896;432;899;892;882;869;858;1012;994;1004;1009;994;1001;1038;991;1014;982;982;991;1022;996;1012;1002;1003;998;1040;1044;1014;1033;1018;1024;908;883;892;890;886;869;898;903;878;883;886;855;1008;995;984;997;986;1004;969;994;1021;1104;1130;1149;1001;975;851;967;993;975;972;974;947;937;928;934;431;866;885;877;894;912;921;893;873;892;843;857;1798;1758;1766;1783;1652;1805;1123;1073;1019;1014;1016;946
Raw Data (485/Em520);25635;910;887;896;896;895;901;430;899;895;885;873;856;1017;995;999;1008;992;1000;1046;989;1016;984;989;1007;1032;998;1025;997;997;998;1048;1048;1025;1041;1029;1024;905;885;892;889;881;873;903;903;879;882;878;857;1011;994;990;1007;985;1003;967;1005;1020;1117;1148;1157;1009;978;851;970;1001;976;974;983;948;935;930;933;427;865;889;876;903;912;922;901;872;894;842;867;1870;1828;1840;1852;1725;1878;1127;1076;1022;1022;1021;947
Raw Data (485/Em520);26247;916;888;899;896;895;897;432;893;895;883;869;857;1019;1001;1003;1014;1001;1008;1050;1000;1020;990;994;1015;1028;1000;1032;1009;1003;1010;1052;1058;1027;1048;1028;1038;909;882;891;892;885;872;897;903;877;881;888;855;1025;1003;996;1008;988;1019;977;1005;1030;1128;1167;1194;1010;978;853;977;1011;987;976;990;946;951;932;940;431;863;886;874;901;914;920;895;866;895;844;861;1943;1902;1916;1915;1779;1948;1144;1087;1022;1026;1020;957
Raw Data (485/Em520);26858;917;892;900;898;897;900;439;902;899;887;880;859;1025;1002;1009;1010;1000;1012;1057;1001;1029;999;998;1015;1037;1006;1025;1009;1006;1005;1059;1063;1037;1051;1037;1033;908;888;889;893;878;879;902;904;878;884;884;853;1023;1004;1000;1014;998;1015;986;1011;1046;1145;1187;1214;1016;986;857;981;1004;983;980;987;957;948;936;943;426;866;885;876;902;915;914;895;874;890;843;861;2026;1977;1989;1992;1853;2027;1147;1090;1035;1031;1027;960
Raw Data (485/Em520);27469;905;895;902;900;894;898;433;905;898;883;873;854;1030;1002;1013;1022;1005;1016;1060;1001;1032;998;1007;1024;1038;1005;1027;1010;1011;1012;1068;1064;1046;1058;1038;1047;906;887;887;887;881;872;899;902;876;880;886;851;1021;1009;1002;1016;996;1017;988;1022;1051;1165;1218;1245;1014;990;865;982;1016;987;983;992;957;954;937;946;424;861;886;883;900;911;914;894;876;893;846;854;2096;2049;2061;2074;1921;2097;1146;1102;1040;1034;1029;963
Raw Data (485/Em520);28081;917;888;901;897;895;892;438;901;898;888;874;863;1045;1009;1014;1019;1009;1014;1071;1012;1035;1006;1010;1030;1055;1013;1031;1020;1017;1012;1074;1073;1048;1068;1051;1049;909;887;883;890;884;878;902;903;881;876;884;855;1033;1015;1004;1025;997;1019;994;1031;1062;1184;1242;1272;1019;985;864;984;1015;991;989;994;965;954;937;949;426;864;886;881;905;911;922;903;869;891;842;865;2179;2127;2154;2145;1992;2172;1165;1106;1046;1039;1040;964
Raw Data (485/Em520);28694;910;890;901;897;901;893;432;895;887;881;869;849;1051;1019;1018;1025;1012;1018;1076;1012;1042;1008;1012;1024;1051;1016;1041;1022;1013;1016;1080;1081;1055;1075;1059;1057;907;883;890;889;890;873;902;905;878;882;890;854;1028;1014;1011;1025;1001;1023;995;1039;1077;1205;1281;1297;1026;991;874;993;1013;998;990;994;969;953;943;955;427;860;881;879;900;911;919;891;869;891;845;861;2272;2189;2210;2230;2070;2254;1164;1111;1047;1047;1039;971
Raw Data (485/Em520);29307;911;888;904;899;897;895;437;900;899;886;880;856;1047;1018;1023;1028;1019;1019;1080;1022;1044;1017;1023;1039;1059;1021;1036;1023;1017;1022;1087;1083;1061;1081;1061;1070;911;887;891;896;888;880;904;902;876;885;888;856;1036;1020;1012;1022;1012;1034;1003;1043;1077;1225;1310;1332;1031;996;873;1001;1026;994;995;1002;968;963;946;950;428;865;883;880;903;915;920;898;873;899;845;866;2332;2283;2295;2309;2144;2347;1173;1119;1060;1056;1047;975
Raw Data (485/Em520);29919;913;890;900;895;898;895;433;901;897;888;879;855;1059;1026;1029;1033;1018;1029;1089;1030;1051;1021;1027;1041;1073;1026;1047;1033;1028;1022;1091;1097;1065;1084;1062;1072;908;891;893;886;888;875;906;907;878;882;891;854;1039;1029;1016;1035;1021;1036;1008;1050;1101;1249;1336;1373;1030;1000;881;996;1030;997;994;1000;974;965;946;955;426;870;887;880;900;908;919;898;874;887;849;868;2422;2357;2370;2403;2229;2417;1197;1130;1068;1061;1050;981
Raw Data (485/Em520);30532;912;889;901;897;894;898;433;905;887;887;871;857;1063;1031;1035;1038;1032;1035;1091;1035;1058;1033;1038;1050;1072;1030;1058;1040;1030;1030;1100;1104;1071;1089;1079;1076;910;890;893;890;882;876;903;906;877;881;889;854;1039;1029;1020;1037;1019;1038;1010;1064;1106;1272;1371;1407;1034;1010;879;998;1022;1000;1001;1001;971;968;953;959;428;865;883;878;902;911;921;897;875;890;842;865;2512;2440;2459;2479;2303;2506;1186;1135;1071;1067;1058;989
Raw Data (485/Em520);31144;916;890;905;894;893;898;432;901;896;881;874;853;1067;1037;1038;1052;1034;1037;1109;1043;1062;1035;1042;1056;1088;1039;1059;1040;1037;1030;1112;1104;1076;1101;1090;1077;911;888;890;891;884;877;901;899;877;880;889;850;1047;1036;1023;1039;1024;1044;1023;1073;1110;1300;1409;1445;1040;1005;883;998;1029;1004;1008;1005;974;968;953;963;430;863;888;878;899;910;920;896;872;889;845;864;2600;2512;2532;2573;2377;2595;1197;1139;1078;1077;1060;987
Raw Data (485/Em520);31757;911;886;897;896;894;896;434;897;899;889;882;856;1079;1048;1049;1052;1041;1046;1106;1044;1068;1043;1053;1070;1082;1048;1062;1047;1041;1037;1110;1114;1082;1094;1089;1091;912;886;888;890;886;876;895;899;875;872;890;857;1051;1041;1027;1047;1026;1044;1022;1084;1129;1329;1440;1485;1049;1007;883;999;1039;1009;1007;1003;982;967;956;966;428;863;886;873;903;910;920;901;869;891;848;861;2693;2595;2632;2641;2452;2686;1200;1150;1080;1080;1065;996
Raw Data (485/Em520);32369;919;887;898;897;895;895;433;897;896;882;870;859;1082;1052;1054;1053;1040;1052;1118;1055;1083;1047;1053;1074;1094;1050;1068;1054;1048;1038;1122;1115;1083;1112;1099;1098;921;888;889;890;885;872;896;901;884;880;890;850;1056;1045;1030;1057;1035;1053;1023;1089;1149;1360;1473;1527;1055;1014;896;998;1036;1014;1005;1005;972;970;953;969;427;865;888;883;900;909;917;897;873;895;844;861;2796;2686;2723;2757;2553;2788;1202;1146;1094;1087;1075;1002
Raw Data (485/Em520);32981;909;884;899;900;893;900;431;896;890;878;877;857;1084;1058;1047;1068;1055;1057;1118;1054;1081;1052;1061;1077;1095;1055;1082;1062;1047;1043;1117;1124;1092;1107;1104;1105;921;887;886;890;881;866;899;898;880;873;888;853;1063;1047;1042;1058;1034;1063;1033;1103;1171;1388;1519;1565;1055;1012;901;1014;1049;1022;1008;1011;978;976;960;973;425;859;887;880;896;909;915;892;863;898;842;859;2889;2802;2800;2840;2628;2876;1214;1154;1089;1091;1085;1004
Raw Data (485/Em520);33594;911;887;901;899;896;899;431;901;887;884;878;851;1094;1065;1063;1069;1061;1063;1125;1071;1090;1052;1073;1080;1112;1061;1086;1072;1058;1050;1131;1125;1100;1124;1112;1104;922;885;890;890;883;871;910;906;870;881;889;858;1073;1060;1039;1063;1042;1062;1050;1120;1188;1419;1560;1603;1061;1022;901;1013;1036;1022;1011;1013;987;975;960;963;425;861;885;876;895;915;919;890;881;894;846;859;3002;2893;2918;2953;2724;2983;1219;1159;1100;1097;1087;1011
Raw Data (485/Em520);34205;915;886;895;896;893;896;436;898;895;883;872;852;1095;1070;1077;1083;1077;1068;1135;1067;1099;1066;1076;1085;1118;1069;1092;1072;1059;1058;1146;1137;1103;1138;1115;1122;922;885;892;891;882;876;902;908;875;873;890;851;1072;1064;1044;1071;1046;1073;1057;1129;1209;1456;1586;1642;1066;1028;913;1020;1055;1027;1015;1012;981;977;967;968;425;869;882;884;898;911;919;892;869;893;847;865;3116;2993;3025;3064;2813;3095;1228;1171;1107;1099;1091;1015
Raw Data (485/Em520);34818;916;883;902;898;896;892;434;900;895;889;876;856;1101;1078;1079;1084;1077;1065;1138;1074;1097;1069;1084;1097;1115;1079;1098;1082;1068;1057;1143;1147;1109;1128;1119;1118;929;889;889;889;882;872;902;907;876;881;888;853;1079;1068;1051;1080;1056;1084;1059;1149;1230;1488;1624;1676;1069;1034;915;1028;1055;1036;1021;1018;990;986;971;971;421;863;884;880;896;913;914;896;872;896;848;858;3242;3099;3125;3176;2916;3190;1233;1178;1117;1105;1102;1018
Raw Data (485/Em520);35430;920;886;899;894;895;895;436;900;889;885;869;855;1108;1080;1085;1088;1082;1080;1141;1085;1112;1079;1090;1106;1118;1088;1106;1080;1071;1064;1146;1156;1117;1141;1120;1125;936;885;890;887;879;872;899;899;880;883;892;854;1085;1078;1058;1087;1062;1086;1069;1164;1252;1515;1649;1708;1079;1036;918;1033;1063;1042;1024;1019;988;990;971;975;425;868;880;879;901;909;918;896;873;894;845;856;3366;3212;3257;3291;3030;3307;1241;1188;1119;1117;1105;1027
Raw Data (485/Em520);36042;918;890;894;889;892;895;435;905;894;880;881;852;1115;1091;1090;1093;1084;1088;1156;1081;1113;1086;1092;1110;1129;1093;1110;1088;1079;1078;1157;1151;1126;1142;1130;1128;938;880;891;888;881;877;906;902;878;887;889;850;1095;1086;1066;1093;1073;1102;1082;1178;1274;1544;1680;1742;1082;1040;922;1037;1065;1048;1025;1017;995;987;970;977;426;871;884;880;900;911;921;902;873;889;841;858;3477;3333;3352;3419;3126;3435;1253;1185;1124;1121;1107;1033
Raw Data (485/Em520);36654;918;885;896;896;893;891;431;903;894;880;869;853;1116;1096;1095;1101;1098;1092;1166;1104;1124;1087;1097;1114;1136;1096;1124;1100;1087;1079;1167;1160;1127;1152;1133;1132;938;883;894;893;885;870;899;903;876;881;885;850;1096;1093;1071;1094;1070;1098;1084;1195;1303;1562;1700;1765;1083;1045;921;1039;1073;1054;1025;1023;996;989;971;977;425;859;887;877;902;912;914;898;869;890;846;862;3595;3431;3451;3516;3231;3559;1256;1199;1133;1126;1118;1036
Raw Data (485/Em520);37265;917;889;904;898;896;895;434;903;890;879;876;858;1125;1102;1101;1118;1096;1097;1169;1104;1132;1090;1107;1113;1141;1104;1125;1110;1089;1090;1168;1166;1136;1153;1141;1147;949;892;888;884;878;865;900;902;876;876;889;848;1109;1104;1074;1104;1081;1109;1092;1211;1324;1587;1720;1803;1094;1050;931;1044;1076;1060;1030;1025;1005;994;977;985;426;866;882;886;900;909;913;897;874;897;847;859;3742;3562;3597;3645;3352;3673;1256;1204;1131;1138;1121;1051
Raw Data (485/Em520);37877;919;893;895;894;900;889;432;902;892;891;879;857;1122;1109;1107;1121;1105;1106;1166;1111;1134;1096;1112;1127;1142;1103;1126;1113;1095;1093;1172;1167;1143;1160;1147;1145;952;883;892;894;880;873;898;901;874;885;884;851;1116;1094;1080;1108;1091;1114;1106;1234;1348;1603;1735;1813;1094;1055;935;1059;1089;1062;1031;1022;1002;1000;980;983;430;867;883;880;897;913;915;895;873;891;842;863;3873;3671;3724;3783;3457;3821;1268;1208;1146;1141;1129;1052
Raw Data (485/Em520);38489;920;892;899;897;898;892;431;898;890;883;877;852;1130;1116;1111;1122;1106;1109;1179;1114;1144;1106;1119;1131;1149;1116;1136;1119;1100;1105;1185;1174;1143;1171;1159;1156;957;887;888;885;877;873;905;901;879;880;886;845;1118;1107;1093;1111;1097;1120;1124;1254;1371;1622;1746;1823;1098;1067;935;1056;1085;1063;1042;1035;1009;999;978;993;427;865;886;879;897;907;922;895;868;893;845;858;4015;3819;3863;3912;3594;3945;1283;1218;1151;1154;1135;1049
Raw Data (485/Em520);39101;924;890;896;895;898;899;432;903;896;889;883;860;1137;1117;1121;1133;1122;1120;1190;1120;1145;1117;1121;1136;1156;1116;1147;1126;1101;1104;1180;1191;1157;1183;1163;1163;958;886;889;894;884;872;910;899;878;882;886;853;1121;1111;1103;1123;1108;1124;1134;1270;1394;1645;1766;1840;1108;1062;945;1065;1095;1078;1050;1043;1014;1016;985;986;422;863;887;887;905;913;918;894;879;891;846;862;4179;3955;4017;4042;3720;4119;1284;1232;1157;1156;1150;1059
Raw Data (485/Em520);39714;923;891;897;898;894;896;434;900;902;890;879;855;1135;1128;1125;1136;1121;1125;1192;1126;1152;1120;1129;1144;1163;1128;1153;1135;1118;1106;1184;1191;1161;1180;1164;1166;967;886;890;886;887;871;902;903;878;878;890;856;1131;1119;1102;1127;1112;1123;1147;1285;1403;1646;1778;1852;1110;1076;945;1068;1104;1079;1050;1041;1017;1016;995;996;425;864;884;880;899;909;922;900;870;896;842;862;4310;4087;4132;4212;3860;4251;1286;1237;1164;1165;1147;1063
Raw Data (485/Em520);40326;927;890;900;897;901;894;433;900;893;879;876;851;1144;1127;1133;1147;1125;1122;1192;1136;1161;1127;1131;1153;1175;1129;1153;1135;1125;1122;1198;1195;1164;1186;1162;1173;971;889;887;883;885;870;905;901;876;877;886;856;1138;1128;1112;1136;1115;1136;1162;1308;1420;1641;1782;1871;1115;1080;949;1069;1104;1086;1058;1041;1026;1021;997;996;427;860;888;878;902;909;916;902;870;890;847;861;4462;4240;4297;4349;3987;4385;1306;1246;1165;1167;1152;1073
Raw Data (485/Em520);40938;928;887;902;897;889;897;430;898;895;886;875;853;1147;1127;1137;1145;1124;1133;1203;1134;1162;1126;1135;1155;1171;1143;1158;1133;1122;1125;1201;1197;1165;1196;1177;1173;976;886;893;891;888;871;903;902;872;880;886;856;1136;1135;1114;1138;1123;1144;1174;1325;1434;1669;1798;1880;1122;1083;951;1076;1104;1086;1056;1049;1026;1019;1001;1006;425;862;880;881;901;905;921;899;872;895;849;862;4647;4385;4479;4493;4129;4562;1318;1251;1182;1177;1164;1082
Raw Data (485/Em520);41550;940;883;904;895;898;897;436;898;904;884;878;851;1151;1135;1140;1155;1138;1143;1207;1144;1171;1134;1142;1162;1182;1143;1162;1142;1131;1133;1209;1208;1170;1199;1185;1186;979;884;884;890;880;876;903;904;878;887;888;860;1148;1130;1115;1149;1122;1146;1194;1331;1447;1672;1803;1886;1129;1083;965;1082;1112;1089;1066;1052;1030;1026;1003;1006;426;869;885;882;899;907;923;895;875;893;839;869;4805;4517;4605;4676;4299;4718;1320;1259;1185;1188;1167;1083
Raw Data (485/Em520);42162;946;886;903;898;898;893;437;900;895;885;878;858;1158;1139;1148;1156;1144;1144;1219;1144;1170;1136;1144;1176;1183;1151;1177;1150;1139;1133;1216;1210;1184;1204;1191;1192;982;883;891;892;890;872;899;903;877;880;886;853;1156;1143;1126;1152;1125;1151;1198;1349;1454;1689;1817;1916;1128;1084;960;1086;1110;1098;1063;1051;1033;1025;1008;1011;427;864;888;882;902;911;915;900;872;895;844;862;4983;4704;4766;4827;4449;4873;1325;1263;1189;1192;1179;1089
Raw Data (485/Em520);42774;948;892;903;894;897;896;434;901;901;889;879;856;1162;1150;1150;1157;1146;1149;1221;1145;1175;1140;1149;1175;1186;1160;1185;1157;1145;1141;1219;1213;1187;1212;1196;1194;990;888;893;890;884;874;900;902;878;882;887;855;1154;1152;1135;1158;1135;1160;1220;1356;1461;1694;1820;1926;1136;1094;968;1089;1125;1103;1069;1063;1036;1040;1006;1015;425;861;882;885;901;910;914;897;874;892;844;861;5175;4859;4930;5017;4591;5065;1336;1273;1195;1199;1175;1100
Raw Data (485/Em520);43386;952;888;899;896;895;896;433;901;897;886;873;856;1167;1159;1164;1173;1157;1160;1229;1165;1194;1156;1171;1187;1189;1161;1182;1161;1151;1141;1217;1223;1192;1212;1197;1200;986;888;890;889;881;878;901;902;881;883;889;850;1161;1150;1139;1161;1141;1166;1233;1364;1479;1704;1832;1918;1139;1100;971;1091;1119;1103;1066;1056;1038;1037;1011;1017;428;865;882;879;899;909;921;896;869;892;848;863;5360;5027;5132;5169;4767;5207;1341;1276;1208;1199;1187;1107
Raw Data (485/Em520);43998;959;888;904;896;899;889;432;903;890;880;878;862;1172;1160;1158;1166;1162;1160;1225;1164;1183;1160;1164;1180;1196;1165;1187;1171;1162;1152;1229;1230;1192;1222;1209;1204;999;886;887;887;875;868;903;907;878;878;889;849;1164;1161;1152;1164;1147;1172;1241;1370;1480;1717;1843;1928;1140;1101;980;1100;1136;1107;1080;1063;1039;1043;1015;1018;424;865;886;877;897;912;916;891;874;898;848;861;5535;5186;5271;5323;4930;5406;1351;1291;1218;1208;1190;1117
Raw Data (485/Em520);44610;957;889;897;892;893;891;430;897;892;885;876;859;1173;1160;1169;1175;1157;1162;1233;1174;1204;1159;1169;1185;1200;1164;1194;1173;1159;1149;1231;1234;1191;1223;1207;1215;1002;882;884;884;883;869;899;905;882;878;888;855;1167;1162;1147;1177;1152;1179;1254;1383;1492;1727;1845;1940;1147;1108;981;1102;1132;1111;1079;1069;1049;1043;1022;1022;427;868;886;882;903;901;915;896;869;892;846;862;5752;5368;5438;5535;5106;5591;1349;1296;1212;1214;1198;1110
Raw Data (485/Em520);45222;968;887;895;900;892;894;431;901;894;886;871;855;1182;1168;1166;1174;1162;1171;1242;1177;1198;1163;1169;1196;1213;1176;1202;1185;1169;1163;1243;1241;1204;1225;1223;1215;1005;888;889;891;879;871;908;901;873;881;889;853;1176;1167;1147;1178;1160;1187;1257;1388;1496;1730;1860;1951;1154;1109;980;1110;1133;1124;1086;1076;1050;1045;1025;1029;426;860;884;879;903;912;919;896;874;893;846;869;5929;5534;5627;5669;5282;5790;1362;1303;1228;1229;1202;1122
Raw Data (485/Em520);45834;970;891;901;895;897;898;433;900;901;893;882;859;1184;1169;1176;1188;1171;1184;1245;1188;1208;1173;1181;1211;1212;1178;1201;1184;1174;1163;1245;1240;1213;1236;1225;1228;1008;887;889;883;881;869;902;897;874;884;888;854;1175;1174;1158;1184;1166;1194;1266;1396;1503;1728;1870;1949;1159;1112;991;1115;1141;1120;1085;1074;1050;1056;1026;1028;424;866;888;882;900;909;918;896;870;893;842;859;6123;5718;5779;5826;5479;5965;1365;1320;1239;1238;1203;1133
Raw Data (485/Em520);46447;969;893;901;897;891;888;437;902;900;888;879;862;1184;1171;1182;1180;1172;1173;1248;1190;1211;1172;1185;1212;1217;1189;1216;1199;1180;1169;1251;1249;1221;1245;1231;1226;1006;889;893;886;880;869;901;902;879;880;888;854;1192;1188;1165;1191;1173;1198;1276;1405;1513;1744;1876;1969;1158;1124;998;1119;1150;1127;1094;1082;1065;1057;1032;1032;427;863;887;878;905;910;921;899;874;893;850;863;6264;5860;5936;5964;5682;6139;1380;1335;1233;1236;1217;1134
Raw Data (485/Em520);47060;981;889;896;894;894;895;431;899;895;884;875;859;1198;1185;1183;1199;1182;1186;1260;1194;1225;1180;1191;1212;1219;1194;1211;1195;1176;1171;1257;1251;1218;1248;1246;1235;1011;884;893;888;878;869;903;905;880;883;884;853;1195;1190;1173;1191;1171;1197;1286;1409;1509;1746;1886;1972;1166;1122;994;1126;1155;1129;1098;1082;1063;1056;1031;1038;428;868;881;882;900;909;921;890;875;891;843;863;6399;6009;6086;6121;5873;6297;1386;1344;1250;1244;1226;1142
Raw Data (485/Em520);47672;984;884;899;895;898;897;432;900;894;882;879;860;1203;1191;1189;1196;1195;1192;1265;1195;1224;1190;1201;1212;1226;1195;1214;1208;1187;1182;1258;1262;1222;1258;1242;1232;1019;886;881;889;879;873;900;902;873;881;891;852;1191;1191;1177;1204;1178;1205;1291;1414;1515;1761;1896;1986;1164;1127;1000;1126;1161;1142;1096;1082;1062;1063;1037;1036;429;864;885;882;895;907;916;894;871;893;847;858;6520;6147;6185;6194;6074;6433;1391;1353;1247;1252;1230;1151
Raw Data (485/Em520);48286;987;885;894;896;891;892;435;900;896;883;886;856;1198;1184;1199;1194;1186;1195;1275;1204;1236;1194;1197;1221;1235;1206;1219;1210;1189;1196;1264;1263;1233;1261;1243;1240;1023;885;889;886;879;873;902;900;879;883;886;855;1198;1198;1179;1210;1178;1210;1298;1424;1538;1763;1900;1986;1171;1127;1009;1128;1159;1136;1109;1094;1067;1067;1039;1044;423;858;883;874;897;907;920;887;874;891;844;861;6655;6240;6306;6321;6244;6570;1391;1361;1261;1263;1235;1157
Raw Data (485/Em520);48899;989;889;901;893;896;897;433;901;890;885;878;854;1202;1195;1193;1205;1189;1191;1272;1205;1229;1192;1201;1225;1245;1213;1233;1216;1199;1192;1274;1271;1243;1268;1255;1247;1026;890;884;886;881;870;899;902;874;881;888;853;1211;1207;1189;1215;1196;1215;1302;1427;1536;1774;1911;1998;1175;1132;1011;1139;1166;1144;1097;1096;1076;1078;1034;1046;425;863;886;879;898;905;914;894;868;890;845;857;6803;6375;6450;6462;6393;6702;1406;1370;1266;1276;1243;1166
Raw Data (485/Em520);49512;997;887;904;897;893;898;430;906;896;886;880;853;1207;1192;1197;1203;1197;1199;1277;1206;1234;1200;1210;1225;1243;1217;1240;1219;1204;1201;1283;1282;1240;1270;1248;1254;1027;883;890;887;882;872;899;899;877;875;889;854;1210;1207;1191;1215;1190;1218;1306;1426;1546;1787;1905;2007;1179;1143;1016;1139;1171;1144;1108;1100;1075;1078;1041;1052;420;863;882;881;899;907;915;892;871;887;840;866;6891;6489;6548;6542;6569;6835;1412;1375;1275;1281;1245;1170
Raw Data (485/Em520);50125;1005;886;896;897;896;897;436;894;895;881;880;852;1215;1193;1200;1216;1208;1202;1282;1216;1246;1207;1220;1233;1254;1228;1249;1232;1211;1200;1289;1284;1249;1278;1257;1255;1034;885;883;884;879;876;901;904;878;881;892;858;1226;1219;1196;1227;1206;1230;1312;1438;1549;1790;1927;2029;1189;1145;1028;1145;1181;1163;1116;1105;1093;1072;1056;1055;425;863;887;877;899;910;915;903;873;889;844;857;7011;6622;6689;6662;6717;6958;1419;1380;1295;1284;1259;1172
Raw Data (485/Em520);50737;1007;887;891;892;893;893;434;894;892;879;876;852;1212;1208;1198;1221;1206;1204;1289;1218;1246;1197;1210;1242;1258;1227;1251;1227;1217;1211;1287;1294;1261;1284;1254;1261;1037;880;884;887;882;871;896;902;877;880;887;852;1220;1215;1201;1233;1210;1230;1321;1444;1556;1796;1939;2030;1189;1150;1032;1151;1176;1155;1127;1105;1088;1080;1056;1062;427;860;886;877;898;905;912;894;870;894;844;861;7148;6738;6757;6775;6783;7084;1420;1393;1295;1296;1259;1182
Raw Data (485/Em520);51350;1014;886;902;893;900;897;436;903;888;881;881;856;1217;1211;1214;1228;1211;1218;1301;1224;1252;1214;1225;1245;1251;1231;1254;1226;1223;1218;1287;1297;1259;1289;1266;1266;1036;890;884;886;876;875;903;899;879;883;891;856;1227;1224;1201;1234;1219;1238;1317;1454;1567;1793;1940;2036;1190;1149;1025;1153;1184;1161;1127;1117;1093;1085;1053;1056;426;864;884;876;903;913;911;895;870;893;846;857;7233;6820;6866;6849;6944;7185;1434;1390;1305;1311;1262;1194
Raw Data (485/Em520);51963;1018;882;897;895;894;897;434;897;892;889;877;857;1223;1215;1221;1216;1219;1217;1300;1233;1249;1220;1227;1261;1269;1240;1267;1247;1226;1213;1306;1306;1263;1289;1272;1269;1041;886;887;886;876;872;903;903;877;878;893;852;1236;1234;1209;1235;1222;1246;1331;1461;1566;1811;1947;2048;1197;1155;1037;1152;1190;1173;1127;1116;1095;1098;1061;1065;424;865;884;876;901;914;917;896;873;896;840;856;7358;6922;6965;6981;7063;7319;1439;1390;1329;1317;1274;1201
Raw Data (485/Em520);52576;1021;892;901;893;897;897;430;899;894;887;881;861;1220;1216;1220;1215;1223;1230;1307;1239;1269;1232;1241;1257;1269;1245;1268;1246;1232;1230;1296;1311;1270;1303;1279;1274;1044;887;890;893;882;869;900;901;875;886;894;850;1235;1234;1215;1245;1232;1249;1336;1469;1576;1821;1958;2056;1207;1166;1040;1156;1195;1170;1139;1121;1094;1093;1068;1064;427;863;884;884;904;908;919;893;875;893;846;860;7446;7039;7089;7089;7188;7402;1449;1394;1332;1337;1279;1204
Raw Data (485/Em520);53189;1026;885;899;890;901;902;433;908;890;884;881;860;1234;1222;1231;1233;1229;1230;1317;1258;1281;1243;1248;1278;1290;1258;1272;1256;1237;1232;1315;1313;1281;1301;1277;1284;1057;890;885;884;876;872;899;900;879;881;900;857;1239;1245;1226;1260;1232;1256;1349;1469;1585;1834;1971;2065;1202;1171;1047;1164;1202;1174;1139;1120;1098;1098;1078;1074;424;864;881;881;903;910;921;898;872;895;845;858;7522;7135;7147;7118;7318;7462;1451;1400;1337;1336;1285;1211
Raw Data (485/Em520);53802;1036;890;905;892;896;900;432;904;898;889;880;853;1236;1228;1231;1242;1231;1237;1325;1253;1275;1238;1253;1286;1280;1259;1278;1261;1241;1241;1309;1315;1283;1321;1279;1280;1057;883;887;884;882;874;902;907;880;884;903;851;1250;1252;1237;1267;1245;1270;1345;1480;1600;1835;1973;2076;1209;1170;1051;1171;1207;1186;1137;1123;1103;1106;1076;1080;427;863;886;881;901;912;925;891;874;889;843;865;7669;7184;7281;7189;7432;7503;1445;1406;1351;1344;1294;1213
Raw Data (485/Em520);54415;1047;881;892;895;896;891;431;902;898;884;870;856;1232;1229;1223;1248;1229;1235;1320;1255;1286;1244;1256;1278;1288;1269;1287;1267;1256;1245;1320;1319;1289;1322;1289;1292;1068;892;893;885;888;876;898;900;880;882;903;855;1254;1261;1236;1274;1245;1268;1355;1481;1593;1845;1973;2068;1221;1179;1054;1179;1206;1187;1151;1133;1107;1105;1080;1090;426;867;885;882;902;911;916;896;873;893;848;866;7698;7253;7376;7161;7513;7514;1456;1410;1356;1358;1297;1224
Raw Data (485/Em520);55027;1042;888;900;898;890;885;431;898;892;884;878;857;1239;1231;1232;1245;1235;1240;1328;1256;1284;1241;1252;1282;1292;1272;1288;1272;1250;1252;1322;1323;1291;1322;1280;1287;1073;888;891;885;886;875;904;900;875;881;912;853;1259;1264;1248;1276;1254;1275;1360;1483;1607;1844;1980;2089;1226;1184;1064;1182;1220;1203;1159;1136;1112;1113;1093;1092;426;863;884;877;901;910;916;895;873;891;844;862;7701;7279;7366;7203;7619;7533;1463;1413;1369;1365;1300;1236
Raw Data (485/Em520);55640;1048;893;899;900;899;891;433;900;900;880;883;860;1251;1242;1236;1249;1234;1242;1332;1267;1286;1250;1261;1290;1297;1274;1300;1277;1264;1255;1325;1333;1296;1326;1295;1288;1073;888;892;882;883;878;904;898;878;884;915;853;1262;1274;1244;1274;1261;1288;1367;1492;1608;1853;1987;2092;1219;1187;1067;1185;1220;1202;1156;1145;1113;1115;1091;1099;423;866;885;879;906;907;919;891;873;892;842;860;7754;7313;7410;7281;7755;7574;1466;1414;1364;1364;1312;1248
Raw Data (485/Em520);56253;1045;886;896;893;898;893;435;898;890;883;879;860;1252;1242;1239;1254;1238;1240;1328;1271;1292;1250;1262;1294;1298;1291;1302;1276;1268;1264;1308;1332;1292;1328;1290;1289;1074;886;889;885;887;881;903;901;881;884;922;858;1264;1272;1252;1283;1257;1290;1369;1488;1612;1856;2008;2097;1232;1192;1071;1196;1223;1206;1159;1140;1117;1118;1094;1099;425;863;886;876;900;913;918;891;874;889;842;860;7804;7367;7450;7304;7860;7615;1458;1405;1367;1372;1314;1255
Raw Data (485/Em520);56867;1062;891;899;893;893;897;435;900;892;884;878;865;1255;1236;1257;1267;1258;1255;1351;1283;1314;1268;1279;1311;1304;1293;1307;1283;1278;1268;1323;1340;1301;1330;1292;1287;1085;886;883;886;878;884;899;905;876;880;929;854;1274;1285;1259;1291;1273;1295;1382;1506;1629;1874;2005;2096;1233;1196;1072;1191;1228;1210;1158;1147;1125;1125;1096;1093;426;862;885;882;904;903;914;893;869;891;843;861;7815;7380;7474;7331;7927;7687;1474;1422;1376;1381;1316;1258
Raw Data (485/Em520);57480;1066;883;895;895;898;891;433;900;892;885;883;861;1252;1251;1248;1261;1252;1258;1341;1283;1308;1260;1268;1302;1315;1296;1306;1297;1280;1272;1328;1337;1303;1335;1293;1290;1087;894;886;887;889;884;900;900;882;886;937;856;1276;1279;1260;1299;1276;1302;1383;1503;1617;1870;2004;2108;1240;1196;1073;1203;1235;1219;1180;1151;1136;1137;1105;1107;429;863;886;883;898;912;920;892;868;891;841;859;7885;7423;7531;7375;7982;7719;1476;1421;1389;1379;1336;1273
Raw Data (485/Em520);58093;1073;884;896;892;890;893;437;902;890;884;881;857;1258;1254;1257;1264;1261;1258;1346;1277;1306;1264;1276;1309;1322;1312;1321;1299;1278;1274;1329;1349;1308;1336;1303;1300;1092;896;884;890;889;881;905;901;877;882;946;852;1286;1296;1271;1300;1279;1302;1390;1514;1625;1869;2015;2121;1245;1212;1081;1202;1244;1219;1174;1156;1137;1140;1113;1109;423;868;884;878;902;910;916;892;876;887;849;861;7880;7464;7538;7432;8014;7726;1478;1426;1391;1384;1334;1268
Raw Data (485/Em520);58707;1075;891;900;899;894;893;437;902;899;883;879;862;1267;1259;1254;1273;1262;1263;1350;1294;1323;1268;1280;1316;1328;1306;1322;1301;1286;1277;1330;1344;1299;1333;1298;1299;1094;898;888;883;887;892;902;904;878;888;947;858;1285;1294;1272;1303;1288;1309;1390;1517;1629;1880;2037;2132;1249;1211;1079;1212;1251;1224;1183;1159;1135;1137;1115;1114;428;861;885;882;905;905;921;897;869;888;849;860;7974;7469;7572;7444;7990;7729;1481;1432;1387;1398;1352;1280
Raw Data (485/Em520);59320;1092;884;898;902;897;891;436;908;896;887;881;862;1271;1265;1262;1277;1274;1269;1351;1302;1332;1272;1278;1319;1329;1317;1332;1307;1295;1287;1337;1360;1309;1346;1303;1304;1102;898;890;891;890;891;905;901;874;878;958;856;1298;1301;1274;1310;1284;1317;1400;1524;1642;1899;2032;2126;1255;1217;1090;1207;1257;1230;1182;1163;1144;1141;1126;1116;427;867;883;881;907;907;925;890;877;893;843;862;7990;7540;7637;7483;8057;7839;1476;1428;1395;1401;1362;1291
Raw Data (485/Em520);59934;1096;889;901;897;890;896;433;900;898;890;879;861;1278;1262;1279;1281;1274;1276;1354;1306;1327;1275;1284;1330;1328;1316;1328;1308;1293;1285;1335;1355;1303;1345;1310;1301;1114;909;891;887;901;899;903;902;877;884;966;854;1300;1297;1282;1316;1300;1322;1397;1526;1647;1902;2048;2144;1265;1217;1092;1213;1251;1239;1190;1163;1143;1143;1123;1119;426;873;883;885;897;913;913;894;871;893;850;861;7980;7551;7649;7479;8100;7875;1480;1440;1401;1392;1375;1304
Raw Data (485/Em520);60547;1100;885;898;891;890;896;435;900;895;886;880;857;1277;1276;1280;1292;1287;1287;1359;1318;1344;1274;1295;1335;1348;1331;1341;1315;1298;1294;1341;1359;1310;1347;1309;1303;1119;907;891;890;899;899;903;907;878;881;975;852;1304;1310;1287;1329;1303;1332;1408;1539;1657;1898;2050;2154;1261;1221;1096;1224;1256;1238;1195;1171;1149;1150;1124;1114;426;868;886;884;903;910;917;891;870;893;848;861;8038;7614;7680;7524;8124;7843;1479;1441;1405;1402;1364;1306
Raw Data (485/Em520);61161;1109;886;893;894;893;893;438;900;889;888;880;863;1285;1270;1283;1292;1277;1287;1349;1303;1339;1281;1289;1334;1352;1334;1341;1325;1308;1301;1343;1370;1319;1349;1312;1310;1116;912;888;885;906;908;906;907;879;883;973;856;1311;1313;1288;1328;1304;1327;1409;1543;1648;1915;2060;2173;1274;1228;1101;1231;1267;1248;1203;1184;1154;1151;1131;1129;429;862;883;879;900;911;918;898;868;891;848;853;8104;7617;7725;7612;8117;7924;1486;1442;1409;1414;1382;1313
Raw Data (485/Em520);61775;1112;889;904;894;894;889;433;890;894;883;878;859;1289;1280;1285;1298;1287;1295;1360;1322;1353;1286;1291;1330;1349;1338;1347;1326;1308;1308;1350;1363;1321;1354;1313;1310;1120;921;894;884;911;915;899;902;874;884;986;857;1307;1321;1294;1337;1311;1338;1411;1541;1654;1919;2066;2170;1262;1233;1102;1227;1259;1249;1207;1175;1160;1162;1139;1133;423;863;886;882;897;903;916;892;872;889;847;858;8125;7641;7739;7620;8192;7873;1494;1450;1419;1415;1384;1321
Raw Data (485/Em520);62389;1122;890;896;894;899;890;433;901;884;881;870;857;1302;1295;1286;1303;1293;1294;1359;1323;1344;1284;1298;1332;1363;1349;1353;1335;1319;1311;1349;1381;1336;1364;1323;1316;1127;919;893;887;916;909;893;902;880;882;989;856;1315;1324;1295;1336;1311;1346;1410;1553;1675;1921;2061;2166;1276;1233;1112;1232;1274;1260;1210;1184;1166;1163;1144;1140;426;868;885;879;899;908;920;899;878;893;848;870;8159;7715;7818;7650;8292;7949;1505;1465;1421;1416;1394;1329
Raw Data (485/Em520);63002;1126;893;900;895;892;890;437;902;880;884;879;857;1298;1288;1295;1309;1303;1304;1358;1333;1354;1284;1303;1337;1371;1353;1362;1349;1322;1321;1363;1380;1334;1371;1327;1323;1134;931;889;884;919;921;898;904;876;884;994;860;1333;1340;1310;1339;1323;1356;1414;1550;1667;1932;2077;2170;1278;1241;1110;1242;1278;1268;1217;1182;1165;1163;1155;1138;425;868;885;877;904;911;922;899;876;892;846;867;8198;7753;7881;7714;8328;7967;1499;1463;1421;1423;1396;1330
Raw Data (485/Em520);63616;1131;884;893;890;888;889;436;902;892;878;880;853;1299;1282;1289;1310;1297;1302;1373;1324;1353;1283;1296;1333;1375;1354;1369;1351;1328;1330;1357;1386;1337;1369;1324;1317;1135;926;888;888;925;922;903;900;877;884;1004;865;1337;1330;1315;1353;1330;1356;1420;1555;1680;1931;2077;2183;1283;1249;1106;1244;1283;1267;1230;1193;1176;1167;1162;1154;426;873;882;877;908;909;917;895;867;889;849;858;8206;7766;7873;7705;8317;8028;1498;1458;1422;1424;1400;1355
Raw Data (485/Em520);64229;1139;886;898;897;893;895;436;899;895;891;876;860;1288;1290;1300;1309;1301;1305;1364;1324;1351;1288;1292;1340;1374;1360;1368;1353;1328;1332;1357;1386;1333;1370;1320;1323;1140;928;886;884;929;935;901;904;876;875;1004;861;1339;1339;1315;1354;1333;1366;1432;1564;1685;1950;2089;2194;1283;1254;1116;1248;1288;1281;1225;1194;1178;1176;1164;1152;422;864;881;878;894;905;917;893;874;895;844;859;8233;7750;7894;7713;8335;8031;1511;1468;1431;1429;1400;1356
Raw Data (485/Em520);64843;1150;886;896;897;895;893;436;902;894;877;884;860;1301;1296;1291;1309;1307;1307;1368;1333;1352;1298;1310;1343;1367;1360;1380;1358;1336;1333;1361;1383;1331;1370;1326;1321;1146;940;889;880;935;936;904;902;876;883;1009;873;1341;1348;1320;1361;1340;1364;1433;1569;1688;1941;2084;2183;1289;1254;1116;1250;1295;1278;1227;1198;1187;1180;1166;1155;427;867;885;882;898;907;913;889;873;887;844;859;8278;7801;7929;7742;8354;8083;1506;1464;1430;1431;1408;1364
Raw Data (485/Em520);65457;1156;892;894;894;893;895;438;900;892;876;880;864;1300;1299;1305;1316;1303;1307;1371;1335;1364;1290;1302;1348;1377;1368;1382;1346;1340;1336;1358;1387;1349;1373;1330;1325;1150;940;887;885;935;944;897;905;888;881;1020;876;1338;1354;1320;1363;1332;1361;1436;1570;1689;1947;2093;2193;1299;1259;1123;1254;1302;1283;1240;1209;1194;1181;1175;1157;424;866;881;881;897;903;917;893;870;888;844;862;8291;7809;7942;7732;8422;8046;1521;1463;1443;1430;1411;1363
Raw Data (485/Em520);66071;1159;885;900;892;898;888;439;901;890;879;876;860;1310;1299;1310;1318;1310;1315;1378;1333;1361;1293;1306;1347;1381;1372;1390;1361;1343;1345;1365;1386;1343;1372;1333;1329;1153;949;888;890;953;953;902;900;875;881;1028;881;1349;1354;1327;1367;1347;1370;1436;1585;1705;1958;2092;2184;1302;1265;1119;1263;1298;1279;1247;1208;1195;1186;1174;1165;424;862;886;880;900;905;912;896;871;896;841;863;8320;7838;7975;7798;8449;8096;1508;1473;1451;1444;1409;1366
Raw Data (485/Em520);66685;1165;887;895;891;893;887;441;896;893;881;871;862;1313;1310;1306;1320;1315;1317;1369;1336;1370;1300;1312;1349;1384;1373;1384;1364;1351;1353;1360;1397;1341;1376;1329;1333;1159;959;887;883;953;959;898;897;874;884;1033;883;1355;1362;1336;1371;1359;1378;1445;1589;1711;1957;2101;2192;1308;1257;1121;1265;1304;1290;1252;1215;1194;1191;1181;1168;424;864;885;876;896;907;920;891;872;882;844;864;8340;7856;7975;7772;8459;8162;1511;1473;1444;1442;1411;1380
Raw Data (485/Em520);67299;1175;884;897;893;897;887;443;900;892;884;882;863;1318;1307;1309;1331;1330;1323;1380;1345;1368;1303;1317;1355;1389;1370;1384;1364;1356;1357;1378;1396;1347;1379;1340;1326;1164;958;888;887;962;960;900;904;882;877;1038;893;1361;1360;1328;1380;1355;1378;1442;1592;1717;1955;2108;2207;1314;1265;1124;1265;1315;1292;1260;1211;1198;1195;1194;1168;428;869;885;882;899;907;918;894;874;887;845;855;8362;7869;8043;7779;8490;8195;1514;1473;1442;1449;1423;1383
Raw Data (485/Em520);67913;1178;884;895;889;897;895;447;900;892;884;880;874;1325;1320;1315;1324;1327;1335;1387;1346;1366;1310;1315;1359;1397;1378;1394;1370;1357;1358;1372;1403;1348;1393;1335;1331;1170;958;889;885;967;962;901;899;878;882;1041;897;1366;1371;1341;1382;1358;1388;1450;1589;1720;1973;2098;2198;1311;1269;1127;1270;1312;1294;1261;1222;1208;1201;1198;1171;423;862;886;879;901;904;914;888;870;891;844;858;8380;7907;8023;7821;8484;8166;1526;1481;1456;1449;1424;1383
Raw Data (485/Em520);68527;1192;887;898;895;895;891;454;900;893;880;875;882;1334;1327;1330;1342;1334;1342;1396;1360;1383;1319;1323;1372;1388;1378;1401;1379;1365;1372;1375;1402;1355;1403;1344;1339;1172;964;894;885;965;970;905;904;880;879;1048;909;1363;1370;1350;1381;1357;1389;1454;1605;1725;1972;2109;2203;1323;1277;1119;1280;1320;1305;1265;1222;1209;1202;1201;1176;426;867;885;884;898;904;918;896;874;889;844;860;8388;7923;8046;7834;8508;8196;1523;1485;1452;1456;1423;1389
Raw Data (485/Em520);69141;1189;887;893;890;895;895;458;900;896;883;879;876;1329;1328;1331;1345;1345;1346;1388;1363;1384;1313;1323;1368;1393;1381;1408;1373;1365;1377;1378;1412;1356;1391;1347;1340;1178;965;895;882;972;972;898;900;874;886;1052;907;1367;1358;1345;1378;1357;1385;1448;1610;1731;1970;2113;2205;1329;1280;1127;1279;1322;1304;1273;1230;1209;1210;1206;1182;427;868;883;878;897;905;912;891;866;896;841;856;8430;7936;8065;7851;8525;8227;1532;1490;1461;1452;1436;1398
Raw Data (485/Em520);69756;1202;886;901;893;897;891;463;893;894;885;871;879;1335;1333;1345;1349;1341;1345;1399;1362;1389;1315;1332;1376;1393;1385;1400;1377;1367;1370;1386;1410;1358;1399;1352;1346;1177;967;896;883;980;974;899;895;875;874;1051;917;1378;1369;1355;1389;1362;1391;1460;1620;1737;1977;2109;2208;1324;1282;1128;1286;1328;1309;1275;1223;1213;1207;1219;1186;427;869;882;876;898;912;911;892;871;885;844;861;8407;7952;8087;7864;8552;8263;1536;1489;1472;1469;1430;1403
;;;;;;;;;;;;;;;;;;;;;;;;;;;;;;;;;;;;;;;;;;;;;;;;;;;;;;;;;;;;;;;;;;;;;;;;;;;;;;;;;;;;;;;;;;;;;;;;;
