User: USER;Path: C:\Program Files\BMG\OPTIMA\User\Data\;Test run no.: 6581
Test name: ABS ECOLI;Date: 2016-12-06;Time: 5:17:36 PM
ID1: 20161201 Praktikum - pRAJ11  1;ID2: Absorbance;
Absorbance

Well Row;;A;A;A;A;A;A;A;A;A;A;A;A;B;B;B;B;B;B;B;B;B;B;B;B;C;C;C;C;C;C;C;C;C;C;C;C;D;D;D;D;D;D;D;D;D;D;D;D;E;E;E;E;E;E;E;E;E;E;E;E;F;F;F;F;F;F;F;F;F;F;F;F;G;G;G;G;G;G;G;G;G;G;G;G;H;H;H;H;H;H;H;H;H;H;H;H
Well Col;;1;2;3;4;5;6;7;8;9;10;11;12;1;2;3;4;5;6;7;8;9;10;11;12;1;2;3;4;5;6;7;8;9;10;11;12;1;2;3;4;5;6;7;8;9;10;11;12;1;2;3;4;5;6;7;8;9;10;11;12;1;2;3;4;5;6;7;8;9;10;11;12;1;2;3;4;5;6;7;8;9;10;11;12;1;2;3;4;5;6;7;8;9;10;11;12
Content;Time [s];Sample X1;Sample X2;Sample X3;Sample X4;Sample X5;Sample X6;Sample X7;Sample X8;Sample X9;Sample X10;Sample X11;Sample X12;Sample X1;Sample X2;Sample X3;Sample X4;Sample X5;Sample X6;Sample X7;Sample X8;Sample X9;Sample X10;Sample X11;Sample X12;Sample X1;Sample X2;Sample X3;Sample X4;Sample X5;Sample X6;Sample X7;Sample X8;Sample X9;Sample X10;Sample X11;Sample X12;Sample X1;Sample X2;Sample X3;Sample X4;Sample X5;Sample X6;Sample X7;Sample X8;Sample X9;Sample X10;Sample X11;Sample X12;Sample X1;Sample X2;Sample X3;Sample X4;Sample X5;Sample X6;Sample X7;Sample X8;Sample X9;Sample X10;Sample X11;Sample X12;Sample X1;Sample X2;Sample X3;Sample X4;Sample X5;Sample X6;Sample X7;Sample X8;Sample X9;Sample X10;Sample X11;Sample X12;Sample X1;Sample X2;Sample X3;Sample X4;Sample X5;Sample X6;Sample X7;Sample X8;Sample X9;Sample X10;Sample X11;Sample X12;Sample X1;Sample X2;Sample X3;Sample X4;Sample X5;Sample X6;Sample X7;Sample X8;Sample X9;Sample X10;Sample X11;Sample X12
Raw Data (584);0;0.721;0.654;0.614;0.643;0.63;0.609;0.636;0.638;0.596;0.615;0.65;0.585;0.618;0.564;0.568;0.556;0.586;0.576;0.572;0.589;0.57;0.55;0.588;0.512;0.657;0.635;0.619;0.622;0.619;0.605;0.611;0.615;0.644;0.603;0.619;0.627;0.713;0.637;0.666;0.596;0.622;0.608;0.641;0.647;0.645;0.608;0.626;0.637;0.621;0.61;0.623;0.645;0.66;0.62;0.641;0.711;0.654;0.625;0.625;0.599;0.619;0.549;0.589;0.592;0.612;0.589;0.614;0.583;0.61;0.605;0.63;0.646;0.502;0.55;0.47;0.494;0.474;0.443;0.443;0.495;0.478;0.462;0.584;0.57;0.567;0.611;0.583;0.619;0.586;0.593;0.865;0.768;0.686;0.634;0.613;0.645
Raw Data (584);610;0.789;0.671;0.648;0.664;0.655;0.618;0.58;0.649;0.598;0.625;0.685;0.607;0.619;0.569;0.578;0.554;0.587;0.579;0.567;0.591;0.559;0.552;0.613;0.52;0.636;0.615;0.629;0.613;0.626;0.597;0.607;0.64;0.651;0.595;0.63;0.642;0.761;0.65;0.674;0.614;0.633;0.623;0.639;0.639;0.669;0.619;0.64;0.651;0.627;0.596;0.617;0.639;0.66;0.607;0.625;0.717;0.645;0.62;0.639;0.602;0.636;0.569;0.595;0.604;0.622;0.596;0.624;0.594;0.617;0.618;0.632;0.626;0.493;0.553;0.465;0.492;0.473;0.451;0.453;0.517;0.499;0.485;0.591;0.578;0.657;0.742;0.697;0.71;0.728;0.681;1.025;0.781;0.849;0.805;0.734;0.723
Raw Data (584);1220;0.801;0.683;0.662;0.669;0.671;0.635;0.607;0.696;0.665;0.65;0.72;0.631;0.619;0.586;0.593;0.597;0.603;0.593;0.587;0.616;0.583;0.58;0.663;0.529;0.671;0.625;0.635;0.645;0.633;0.607;0.624;0.657;0.662;0.617;0.655;0.654;0.754;0.659;0.676;0.639;0.65;0.632;0.641;0.655;0.67;0.637;0.656;0.682;0.627;0.614;0.622;0.655;0.669;0.635;0.639;0.723;0.675;0.648;0.664;0.634;0.66;0.591;0.644;0.625;0.633;0.607;0.638;0.607;0.644;0.645;0.658;0.657;0.501;0.563;0.495;0.511;0.478;0.468;0.484;0.534;0.515;0.487;0.614;0.609;0.664;0.772;0.749;0.756;0.769;0.693;1.141;0.783;0.894;0.843;0.834;0.773
Raw Data (584);1830;0.748;0.643;0.639;0.641;0.662;0.614;0.614;0.703;0.666;0.657;0.726;0.628;0.6;0.587;0.574;0.573;0.593;0.57;0.593;0.606;0.576;0.571;0.663;0.515;0.648;0.614;0.624;0.638;0.624;0.6;0.635;0.643;0.649;0.621;0.653;0.647;0.719;0.643;0.664;0.636;0.637;0.62;0.639;0.645;0.655;0.626;0.634;0.657;0.637;0.612;0.612;0.645;0.667;0.634;0.643;0.711;0.663;0.644;0.663;0.619;0.662;0.572;0.635;0.618;0.619;0.599;0.633;0.597;0.633;0.622;0.645;0.659;0.493;0.571;0.483;0.504;0.476;0.457;0.46;0.531;0.517;0.485;0.599;0.596;0.629;0.723;0.714;0.723;0.749;0.628;1.08;0.79;0.859;0.795;0.85;0.774
Raw Data (584);2440;0.691;0.62;0.616;0.624;0.631;0.605;0.594;0.687;0.638;0.638;0.707;0.623;0.605;0.553;0.564;0.568;0.583;0.567;0.582;0.592;0.572;0.568;0.61;0.519;0.645;0.612;0.616;0.626;0.603;0.602;0.618;0.625;0.645;0.609;0.625;0.64;0.682;0.607;0.628;0.598;0.623;0.605;0.623;0.642;0.652;0.603;0.63;0.667;0.634;0.597;0.615;0.632;0.662;0.603;0.624;0.695;0.645;0.617;0.629;0.614;0.645;0.561;0.602;0.596;0.618;0.608;0.634;0.593;0.623;0.606;0.621;0.636;0.491;0.558;0.461;0.484;0.464;0.445;0.442;0.489;0.489;0.468;0.582;0.568;0.615;0.695;0.702;0.681;0.734;0.634;1.089;0.81;0.841;0.741;0.831;0.736
Raw Data (584);3050;0.684;0.604;0.613;0.621;0.63;0.599;0.6;0.667;0.638;0.64;0.701;0.626;0.628;0.562;0.577;0.582;0.597;0.585;0.587;0.597;0.577;0.572;0.628;0.53;0.659;0.612;0.624;0.638;0.626;0.614;0.629;0.639;0.642;0.611;0.651;0.651;0.67;0.605;0.637;0.611;0.613;0.609;0.616;0.638;0.652;0.609;0.639;0.652;0.661;0.611;0.611;0.636;0.656;0.628;0.628;0.708;0.653;0.635;0.638;0.618;0.652;0.586;0.617;0.593;0.633;0.603;0.627;0.61;0.618;0.601;0.649;0.636;0.487;0.552;0.474;0.492;0.475;0.446;0.448;0.506;0.495;0.482;0.599;0.573;0.622;0.705;0.719;0.703;0.732;0.653;1.165;0.879;0.848;0.77;0.855;0.765
Raw Data (584);3660;0.668;0.606;0.605;0.615;0.612;0.585;0.6;0.655;0.63;0.633;0.706;0.61;0.619;0.571;0.581;0.583;0.598;0.595;0.568;0.595;0.572;0.564;0.638;0.528;0.653;0.628;0.631;0.632;0.625;0.619;0.617;0.635;0.652;0.622;0.643;0.654;0.683;0.58;0.602;0.58;0.616;0.59;0.617;0.63;0.637;0.615;0.633;0.645;0.655;0.597;0.615;0.629;0.661;0.633;0.636;0.716;0.64;0.638;0.63;0.615;0.671;0.579;0.627;0.594;0.622;0.604;0.644;0.597;0.618;0.615;0.641;0.635;0.497;0.557;0.465;0.487;0.47;0.442;0.455;0.498;0.502;0.478;0.585;0.57;0.642;0.711;0.749;0.735;0.745;0.664;1.207;0.93;0.874;0.818;0.859;0.8
Raw Data (584);4269;0.649;0.593;0.589;0.611;0.611;0.584;0.598;0.653;0.614;0.619;0.689;0.622;0.647;0.571;0.589;0.591;0.603;0.579;0.587;0.611;0.581;0.573;0.638;0.535;0.676;0.626;0.636;0.645;0.634;0.622;0.641;0.639;0.661;0.628;0.655;0.656;0.646;0.59;0.595;0.582;0.605;0.601;0.614;0.632;0.669;0.596;0.65;0.645;0.642;0.61;0.618;0.63;0.666;0.615;0.62;0.693;0.639;0.632;0.633;0.614;0.68;0.592;0.612;0.597;0.632;0.612;0.636;0.595;0.616;0.611;0.634;0.618;0.49;0.544;0.469;0.477;0.464;0.447;0.445;0.496;0.474;0.46;0.57;0.571;0.666;0.741;0.76;0.749;0.796;0.708;1.187;1.03;0.945;0.871;0.899;0.853
Raw Data (584);4878;0.642;0.594;0.594;0.595;0.612;0.588;0.605;0.655;0.605;0.618;0.677;0.614;0.65;0.585;0.602;0.586;0.599;0.596;0.603;0.607;0.588;0.573;0.653;0.534;0.694;0.627;0.633;0.654;0.653;0.631;0.639;0.665;0.683;0.648;0.662;0.66;0.647;0.584;0.605;0.58;0.61;0.597;0.611;0.629;0.644;0.596;0.643;0.622;0.662;0.609;0.623;0.636;0.661;0.634;0.624;0.714;0.646;0.637;0.634;0.609;0.686;0.608;0.622;0.611;0.633;0.633;0.641;0.606;0.625;0.624;0.644;0.629;0.497;0.554;0.466;0.489;0.483;0.446;0.45;0.513;0.496;0.47;0.585;0.57;0.698;0.801;0.804;0.785;0.823;0.739;1.34;1.151;1.001;0.925;0.944;0.913
Raw Data (584);5487;0.619;0.582;0.58;0.593;0.602;0.579;0.6;0.652;0.613;0.608;0.685;0.599;0.666;0.59;0.608;0.598;0.606;0.605;0.608;0.61;0.592;0.578;0.666;0.539;0.7;0.638;0.653;0.655;0.652;0.635;0.661;0.685;0.69;0.649;0.674;0.673;0.625;0.582;0.637;0.576;0.603;0.592;0.61;0.626;0.65;0.597;0.628;0.63;0.654;0.607;0.639;0.639;0.663;0.63;0.633;0.707;0.635;0.633;0.625;0.617;0.688;0.593;0.652;0.613;0.635;0.618;0.642;0.609;0.616;0.614;0.635;0.635;0.495;0.552;0.461;0.481;0.47;0.456;0.441;0.497;0.494;0.476;0.574;0.569;0.742;0.85;0.86;0.839;0.858;0.798;1.357;1.246;1.216;1.054;0.983;0.978
Raw Data (584);6097;0.612;0.586;0.584;0.601;0.595;0.594;0.613;0.645;0.604;0.622;0.68;0.602;0.697;0.614;0.622;0.61;0.629;0.623;0.61;0.616;0.606;0.579;0.661;0.539;0.745;0.64;0.663;0.677;0.672;0.645;0.687;0.694;0.726;0.673;0.706;0.71;0.635;0.581;0.622;0.592;0.614;0.597;0.613;0.624;0.659;0.603;0.619;0.641;0.663;0.622;0.642;0.653;0.683;0.647;0.641;0.714;0.66;0.637;0.638;0.641;0.728;0.602;0.638;0.639;0.652;0.619;0.655;0.627;0.638;0.643;0.647;0.644;0.496;0.547;0.478;0.491;0.481;0.453;0.461;0.502;0.512;0.475;0.595;0.578;0.819;0.927;0.921;0.889;0.933;0.874;1.391;1.318;1.261;1.158;1.108;1.075
Raw Data (584);6707;0.615;0.587;0.585;0.591;0.59;0.576;0.612;0.634;0.601;0.613;0.684;0.607;0.701;0.608;0.628;0.619;0.63;0.629;0.617;0.628;0.606;0.579;0.649;0.554;0.759;0.656;0.673;0.68;0.67;0.64;0.695;0.717;0.731;0.688;0.718;0.709;0.635;0.574;0.633;0.594;0.615;0.606;0.619;0.625;0.659;0.606;0.62;0.637;0.705;0.625;0.643;0.663;0.678;0.638;0.645;0.716;0.66;0.641;0.651;0.629;0.732;0.625;0.641;0.629;0.657;0.63;0.639;0.631;0.636;0.636;0.645;0.651;0.505;0.553;0.467;0.491;0.467;0.447;0.437;0.504;0.512;0.477;0.588;0.578;0.858;0.994;0.99;0.963;0.967;0.982;1.431;1.361;1.31;1.244;1.128;1.146
Raw Data (584);7316;0.604;0.564;0.566;0.589;0.575;0.561;0.602;0.634;0.594;0.602;0.657;0.568;0.707;0.615;0.636;0.619;0.638;0.626;0.613;0.623;0.615;0.589;0.633;0.545;0.784;0.676;0.686;0.684;0.683;0.68;0.702;0.74;0.748;0.715;0.74;0.726;0.633;0.562;0.62;0.57;0.604;0.585;0.604;0.608;0.646;0.581;0.615;0.619;0.702;0.63;0.634;0.65;0.688;0.643;0.625;0.693;0.646;0.634;0.648;0.616;0.75;0.624;0.663;0.641;0.657;0.636;0.638;0.62;0.633;0.64;0.639;0.644;0.485;0.533;0.466;0.475;0.458;0.437;0.443;0.493;0.477;0.464;0.57;0.562;0.949;1.134;1.081;1.092;1.058;1.098;1.449;1.38;1.315;1.268;1.16;1.122
Raw Data (584);7926;0.61;0.579;0.575;0.592;0.584;0.57;0.596;0.642;0.591;0.607;0.66;0.599;0.736;0.649;0.644;0.638;0.658;0.651;0.626;0.639;0.631;0.611;0.673;0.554;0.801;0.698;0.689;0.705;0.707;0.689;0.761;0.79;0.789;0.755;0.764;0.761;0.611;0.558;0.617;0.575;0.616;0.592;0.613;0.615;0.651;0.594;0.607;0.629;0.706;0.63;0.645;0.659;0.681;0.649;0.631;0.716;0.66;0.643;0.654;0.628;0.777;0.633;0.67;0.656;0.67;0.647;0.646;0.62;0.642;0.634;0.647;0.649;0.493;0.541;0.469;0.481;0.451;0.45;0.447;0.492;0.485;0.46;0.57;0.563;1.082;1.21;1.16;1.219;1.214;1.183;1.502;1.451;1.345;1.293;1.197;1.19
Raw Data (584);8535;0.609;0.589;0.585;0.592;0.596;0.571;0.618;0.65;0.605;0.62;0.657;0.599;0.792;0.678;0.689;0.686;0.695;0.684;0.653;0.666;0.644;0.624;0.698;0.603;0.853;0.73;0.731;0.758;0.727;0.718;0.811;0.843;0.829;0.813;0.833;0.814;0.627;0.577;0.615;0.59;0.617;0.604;0.616;0.629;0.664;0.596;0.631;0.635;0.76;0.649;0.666;0.696;0.724;0.686;0.647;0.734;0.674;0.662;0.683;0.653;0.814;0.653;0.694;0.677;0.694;0.684;0.682;0.645;0.655;0.638;0.671;0.658;0.508;0.564;0.481;0.499;0.481;0.461;0.438;0.507;0.502;0.476;0.595;0.574;1.201;1.276;1.245;1.272;1.274;1.265;1.547;1.526;1.385;1.357;1.241;1.222
Raw Data (584);9145;0.599;0.582;0.589;0.596;0.595;0.589;0.608;0.642;0.594;0.613;0.669;0.598;0.834;0.696;0.699;0.704;0.723;0.699;0.665;0.688;0.664;0.664;0.726;0.612;0.912;0.756;0.77;0.782;0.765;0.75;0.85;0.891;0.891;0.854;0.87;0.852;0.619;0.574;0.622;0.582;0.615;0.607;0.609;0.628;0.664;0.603;0.635;0.626;0.755;0.667;0.694;0.697;0.727;0.683;0.662;0.712;0.677;0.673;0.678;0.66;0.843;0.669;0.698;0.705;0.716;0.673;0.671;0.641;0.657;0.651;0.681;0.652;0.495;0.552;0.48;0.489;0.471;0.455;0.461;0.509;0.506;0.475;0.58;0.564;1.253;1.326;1.299;1.375;1.349;1.35;1.591;1.563;1.425;1.403;1.271;1.274
Raw Data (584);9755;0.604;0.581;0.58;0.599;0.592;0.583;0.617;0.637;0.587;0.607;0.673;0.592;0.871;0.724;0.728;0.732;0.748;0.724;0.684;0.719;0.683;0.681;0.75;0.633;0.979;0.787;0.806;0.809;0.796;0.778;0.905;0.962;0.962;0.906;0.936;0.929;0.625;0.566;0.63;0.59;0.609;0.607;0.614;0.626;0.658;0.595;0.618;0.649;0.806;0.691;0.707;0.717;0.738;0.705;0.651;0.73;0.682;0.682;0.69;0.67;0.898;0.695;0.724;0.719;0.725;0.699;0.675;0.655;0.67;0.655;0.671;0.668;0.499;0.567;0.467;0.488;0.469;0.455;0.445;0.508;0.488;0.474;0.57;0.566;1.294;1.352;1.333;1.404;1.386;1.357;1.64;1.618;1.479;1.44;1.313;1.303
Raw Data (584);10365;0.608;0.566;0.581;0.599;0.582;0.577;0.611;0.644;0.593;0.604;0.682;0.598;0.915;0.748;0.76;0.771;0.776;0.764;0.72;0.745;0.733;0.716;0.783;0.662;1.031;0.82;0.844;0.826;0.822;0.819;1.024;1.103;1.083;1.052;1;1.01;0.615;0.572;0.616;0.584;0.61;0.607;0.606;0.619;0.649;0.596;0.619;0.655;0.862;0.696;0.724;0.741;0.763;0.712;0.662;0.728;0.689;0.711;0.709;0.699;0.983;0.729;0.731;0.742;0.753;0.73;0.688;0.673;0.67;0.668;0.666;0.661;0.497;0.552;0.463;0.478;0.47;0.452;0.438;0.498;0.49;0.472;0.561;0.561;1.289;1.385;1.347;1.42;1.383;1.387;1.701;1.655;1.487;1.45;1.333;1.342
Raw Data (584);10975;0.61;0.584;0.583;0.599;0.595;0.591;0.622;0.65;0.601;0.615;0.68;0.607;0.978;0.82;0.837;0.824;0.836;0.849;0.777;0.81;0.761;0.763;0.823;0.715;1.095;0.871;0.901;0.892;0.856;0.865;1.104;1.174;1.189;1.129;1.104;1.083;0.642;0.581;0.626;0.602;0.621;0.603;0.608;0.634;0.665;0.605;0.627;0.647;0.927;0.727;0.759;0.781;0.805;0.762;0.669;0.746;0.703;0.723;0.758;0.749;1.061;0.768;0.756;0.791;0.791;0.771;0.706;0.69;0.698;0.675;0.696;0.685;0.493;0.568;0.472;0.49;0.485;0.466;0.444;0.503;0.494;0.476;0.581;0.574;1.338;1.397;1.375;1.459;1.419;1.42;1.744;1.683;1.51;1.5;1.389;1.36
Raw Data (584);11586;0.6;0.569;0.577;0.592;0.583;0.576;0.601;0.636;0.578;0.597;0.656;0.591;1.007;0.849;0.855;0.885;0.909;0.916;0.81;0.832;0.808;0.802;0.854;0.76;1.159;0.916;0.96;1.055;0.919;0.934;1.217;1.322;1.276;1.261;1.208;1.172;0.618;0.558;0.614;0.574;0.614;0.601;0.596;0.622;0.645;0.598;0.607;0.62;0.937;0.767;0.757;0.801;0.8;0.791;0.665;0.737;0.697;0.731;0.762;0.753;1.095;0.79;0.81;0.8;0.819;0.802;0.717;0.688;0.705;0.673;0.688;0.674;0.498;0.538;0.47;0.479;0.464;0.435;0.437;0.485;0.489;0.459;0.571;0.568;1.372;1.454;1.413;1.485;1.447;1.445;1.756;1.723;1.545;1.517;1.392;1.385
Raw Data (584);12196;0.588;0.58;0.572;0.593;0.593;0.589;0.613;0.638;0.593;0.613;0.683;0.609;1.089;0.913;0.896;0.984;0.987;1.066;0.903;0.983;0.904;0.927;0.978;0.841;1.247;0.974;1.025;1.212;1.045;1.122;1.37;1.38;1.35;1.326;1.325;1.315;0.627;0.57;0.593;0.584;0.614;0.604;0.613;0.625;0.658;0.599;0.622;0.642;0.993;0.782;0.819;0.841;0.875;0.852;0.675;0.759;0.725;0.762;0.832;0.804;1.191;0.913;0.919;0.882;0.883;0.858;0.76;0.739;0.723;0.717;0.708;0.698;0.501;0.552;0.468;0.489;0.476;0.459;0.451;0.512;0.49;0.469;0.587;0.571;1.426;1.512;1.472;1.548;1.49;1.504;1.813;1.761;1.596;1.553;1.429;1.407
Raw Data (584);12807;0.59;0.561;0.581;0.596;0.585;0.58;0.619;0.623;0.585;0.616;0.663;0.59;1.157;1.01;0.994;1.132;1.115;1.084;0.966;1.053;0.985;0.98;1.067;0.923;1.319;1.044;1.043;1.268;1.127;1.207;1.458;1.44;1.439;1.411;1.391;1.407;0.631;0.572;0.646;0.575;0.624;0.612;0.616;0.626;0.656;0.595;0.619;0.648;1.041;0.876;0.876;0.939;1.037;0.915;0.695;0.779;0.758;0.811;0.883;0.893;1.267;0.984;0.989;0.957;0.975;0.925;0.784;0.746;0.731;0.727;0.72;0.713;0.501;0.551;0.474;0.492;0.469;0.446;0.436;0.51;0.501;0.469;0.586;0.579;1.462;1.525;1.526;1.571;1.511;1.525;1.85;1.786;1.611;1.569;1.461;1.454
Raw Data (584);13418;0.61;0.58;0.587;0.605;0.593;0.582;0.612;0.658;0.607;0.621;0.686;0.603;1.365;1.084;1.065;1.226;1.223;1.179;1.065;1.216;1.112;1.105;1.162;1.016;1.432;1.134;1.289;1.408;1.386;1.284;1.483;1.459;1.472;1.442;1.418;1.445;0.635;0.571;0.62;0.593;0.634;0.616;0.621;0.628;0.66;0.601;0.634;0.647;1.108;0.93;0.933;0.985;1.063;0.958;0.724;0.804;0.788;0.86;0.977;1.047;1.305;1.037;1.126;1.013;1.034;1.037;0.827;0.786;0.78;0.763;0.746;0.73;0.498;0.563;0.47;0.497;0.479;0.465;0.471;0.529;0.504;0.469;0.592;0.575;1.505;1.579;1.583;1.609;1.55;1.559;1.921;1.83;1.659;1.616;1.496;1.467
Raw Data (584);14029;0.588;0.565;0.577;0.589;0.591;0.569;0.592;0.635;0.586;0.603;0.672;0.582;1.505;1.141;1.101;1.315;1.291;1.262;1.147;1.249;1.178;1.198;1.254;1.126;1.474;1.213;1.353;1.435;1.42;1.39;1.506;1.485;1.504;1.445;1.437;1.426;0.626;0.565;0.614;0.593;0.609;0.597;0.616;0.613;0.634;0.588;0.616;0.637;1.117;0.957;0.964;1.026;1.17;0.989;0.731;0.816;0.797;1.052;1.041;1.105;1.347;1.093;1.195;1.091;1.085;1.116;0.848;0.809;0.788;0.763;0.752;0.739;0.494;0.546;0.473;0.485;0.462;0.449;0.442;0.513;0.505;0.473;0.57;0.565;1.527;1.614;1.6;1.623;1.563;1.576;1.947;1.904;1.667;1.645;1.508;1.494
Raw Data (584);14640;0.613;0.59;0.59;0.596;0.589;0.594;0.6;0.64;0.581;0.617;0.69;0.597;1.536;1.214;1.174;1.358;1.374;1.311;1.233;1.316;1.284;1.32;1.33;1.234;1.566;1.28;1.472;1.522;1.485;1.407;1.599;1.567;1.613;1.537;1.517;1.526;0.64;0.569;0.615;0.602;0.633;0.619;0.63;0.632;0.635;0.597;0.63;0.644;1.191;1.041;1.097;1.085;1.283;1.056;0.748;0.85;0.889;1.136;1.18;1.218;1.377;1.214;1.26;1.237;1.192;1.204;0.911;0.857;0.828;0.812;0.786;0.764;0.493;0.562;0.475;0.492;0.47;0.462;0.446;0.518;0.51;0.484;0.579;0.583;1.575;1.652;1.645;1.684;1.592;1.62;1.988;1.959;1.723;1.679;1.557;1.522
Raw Data (584);15250;0.596;0.572;0.576;0.58;0.593;0.578;0.603;0.647;0.588;0.614;0.684;0.595;1.518;1.244;1.202;1.384;1.403;1.401;1.293;1.354;1.319;1.396;1.387;1.287;1.613;1.339;1.494;1.527;1.519;1.421;1.626;1.584;1.652;1.588;1.534;1.525;0.631;0.567;0.625;0.587;0.621;0.599;0.6;0.624;0.626;0.59;0.614;0.654;1.22;1.106;1.114;1.184;1.369;1.139;0.777;0.885;0.932;1.241;1.248;1.279;1.409;1.232;1.242;1.257;1.233;1.289;0.973;0.929;0.858;0.854;0.814;0.789;0.494;0.56;0.467;0.483;0.468;0.459;0.443;0.512;0.498;0.466;0.577;0.567;1.618;1.694;1.69;1.714;1.64;1.648;2.036;1.985;1.751;1.713;1.578;1.535
Raw Data (584);15861;0.59;0.558;0.576;0.579;0.575;0.573;0.595;0.631;0.567;0.593;0.68;0.58;1.506;1.303;1.244;1.385;1.442;1.463;1.331;1.397;1.32;1.407;1.379;1.298;1.615;1.355;1.492;1.533;1.534;1.45;1.649;1.547;1.668;1.59;1.555;1.54;0.618;0.567;0.604;0.573;0.6;0.605;0.607;0.616;0.623;0.578;0.593;0.649;1.265;1.15;1.15;1.263;1.387;1.214;0.8;0.928;0.984;1.232;1.295;1.299;1.498;1.284;1.227;1.294;1.283;1.296;1.017;0.987;0.927;0.876;0.838;0.815;0.492;0.538;0.466;0.486;0.459;0.45;0.442;0.509;0.494;0.467;0.575;0.56;1.642;1.72;1.708;1.731;1.659;1.676;2.082;2.013;1.775;1.749;1.592;1.561
Raw Data (584);16471;0.595;0.557;0.551;0.589;0.583;0.565;0.598;0.628;0.58;0.592;0.681;0.582;1.464;1.352;1.383;1.474;1.482;1.472;1.393;1.434;1.313;1.493;1.398;1.314;1.619;1.404;1.549;1.562;1.543;1.461;1.671;1.556;1.625;1.582;1.597;1.553;0.613;0.567;0.602;0.569;0.612;0.588;0.604;0.627;0.623;0.584;0.613;0.638;1.334;1.216;1.202;1.327;1.37;1.246;0.852;0.993;1.048;1.271;1.304;1.321;1.529;1.316;1.275;1.31;1.308;1.269;1.061;1.05;0.966;0.903;0.882;0.853;0.49;0.547;0.447;0.483;0.443;0.446;0.443;0.509;0.489;0.466;0.575;0.578;1.694;1.765;1.765;1.757;1.709;1.714;2.12;2.04;1.809;1.79;1.639;1.593
Raw Data (584);17082;0.592;0.569;0.584;0.6;0.587;0.582;0.6;0.638;0.576;0.603;0.68;0.594;1.53;1.399;1.422;1.511;1.521;1.511;1.446;1.514;1.389;1.576;1.488;1.406;1.616;1.468;1.599;1.601;1.628;1.567;1.744;1.62;1.743;1.676;1.65;1.59;0.628;0.561;0.62;0.583;0.607;0.619;0.604;0.611;0.631;0.601;0.616;0.638;1.351;1.267;1.215;1.367;1.454;1.343;0.917;1.044;1.132;1.31;1.298;1.322;1.526;1.371;1.334;1.339;1.335;1.323;1.152;1.097;1.028;0.97;0.955;0.905;0.522;0.541;0.479;0.487;0.467;0.45;0.461;0.506;0.508;0.477;0.585;0.573;1.741;1.825;1.815;1.845;1.773;1.765;2.187;2.056;1.855;1.835;1.676;1.629
Raw Data (584);17693;0.601;0.578;0.593;0.608;0.6;0.593;0.603;0.642;0.589;0.621;0.679;0.59;1.589;1.409;1.426;1.549;1.573;1.518;1.5;1.583;1.435;1.605;1.474;1.438;1.684;1.505;1.61;1.612;1.62;1.6;1.789;1.672;1.774;1.713;1.69;1.645;0.643;0.574;0.616;0.593;0.623;0.619;0.612;0.619;0.634;0.6;0.626;0.652;1.342;1.339;1.263;1.439;1.479;1.402;0.945;1.12;1.195;1.308;1.351;1.396;1.537;1.433;1.356;1.43;1.425;1.404;1.186;1.159;1.073;1.054;0.993;0.946;0.495;0.552;0.475;0.487;0.469;0.453;0.476;0.499;0.496;0.474;0.588;0.571;1.789;1.881;1.87;1.887;1.837;1.799;2.213;2.145;1.911;1.873;1.717;1.672
Raw Data (584);18304;0.569;0.553;0.57;0.583;0.567;0.567;0.576;0.614;0.566;0.592;0.669;0.577;1.574;1.403;1.44;1.603;1.592;1.492;1.539;1.615;1.471;1.64;1.722;1.454;1.688;1.496;1.625;1.586;1.631;1.6;1.855;1.726;1.789;1.759;1.725;1.662;0.628;0.549;0.611;0.564;0.607;0.567;0.6;0.609;0.608;0.585;0.603;0.639;1.356;1.374;1.371;1.458;1.494;1.425;0.998;1.159;1.204;1.33;1.46;1.38;1.512;1.419;1.34;1.444;1.441;1.432;1.232;1.199;1.131;1.069;1.011;0.968;0.478;0.536;0.461;0.483;0.448;0.436;0.432;0.496;0.488;0.469;0.571;0.552;1.825;1.902;1.911;1.926;1.89;1.823;2.252;2.131;1.934;1.889;1.776;1.696
Raw Data (584);18915;0.597;0.573;0.579;0.591;0.582;0.584;0.595;0.636;0.588;0.609;0.685;0.585;1.613;1.428;1.459;1.597;1.612;1.358;1.504;1.651;1.475;1.586;1.513;1.516;1.729;1.524;1.649;1.602;1.613;1.579;1.84;1.753;1.775;1.766;1.765;1.709;0.63;0.575;0.616;0.577;0.612;0.592;0.616;0.626;0.622;0.599;0.608;0.633;1.384;1.382;1.377;1.45;1.507;1.405;1.033;1.207;1.238;1.404;1.419;1.463;1.552;1.445;1.357;1.468;1.442;1.407;1.294;1.241;1.201;1.124;1.076;1.029;0.502;0.56;0.474;0.469;0.47;0.463;0.44;0.511;0.497;0.476;0.581;0.574;1.919;1.963;1.97;1.963;1.923;1.909;2.319;2.208;2.002;1.938;1.806;1.732
Raw Data (584);19526;0.594;0.579;0.579;0.583;0.58;0.579;0.6;0.62;0.587;0.604;0.68;0.57;1.651;1.481;1.493;1.565;1.617;1.546;1.628;1.725;1.564;1.683;1.584;1.578;1.75;1.508;1.511;1.493;1.616;1.612;1.898;1.8;1.823;1.823;1.815;1.766;0.638;0.562;0.611;0.586;0.607;0.606;0.602;0.62;0.624;0.598;0.616;0.645;1.349;1.4;1.39;1.487;1.516;1.434;1.084;1.255;1.26;1.435;1.483;1.478;1.592;1.445;1.383;1.464;1.422;1.432;1.341;1.254;1.249;1.179;1.128;1.083;0.507;0.549;0.473;0.497;0.467;0.458;0.458;0.498;0.482;0.481;0.576;0.572;2.012;2.031;2.054;2.034;2.006;2.004;2.403;2.246;2.028;1.974;1.862;1.762
Raw Data (584);20136;0.595;0.577;0.583;0.583;0.578;0.567;0.604;0.643;0.588;0.606;0.674;0.6;1.693;1.529;1.545;1.639;1.672;1.56;1.687;1.761;1.597;1.721;1.63;1.622;1.78;1.585;1.72;1.662;1.631;1.576;1.95;1.865;1.85;1.875;1.867;1.821;0.643;0.563;0.609;0.585;0.598;0.598;0.607;0.612;0.631;0.587;0.62;0.652;1.413;1.406;1.39;1.508;1.522;1.44;1.139;1.282;1.31;1.447;1.512;1.52;1.633;1.463;1.395;1.459;1.453;1.47;1.397;1.297;1.286;1.231;1.167;1.128;0.494;0.548;0.479;0.489;0.466;0.45;0.435;0.511;0.492;0.468;0.579;0.558;2.076;2.113;2.134;2.115;2.088;2.12;2.473;2.278;2.076;2.005;1.889;1.782
Raw Data (584);20747;0.589;0.57;0.575;0.594;0.592;0.577;0.591;0.629;0.591;0.611;0.687;0.587;1.73;1.534;1.553;1.66;1.702;1.544;1.75;1.825;1.662;1.762;1.71;1.676;1.824;1.612;1.754;1.677;1.649;1.667;1.948;1.921;1.903;1.919;1.947;1.879;0.624;0.571;0.627;0.593;0.617;0.596;0.61;0.63;0.619;0.591;0.609;0.648;1.423;1.416;1.4;1.519;1.562;1.443;1.183;1.333;1.381;1.467;1.528;1.533;1.676;1.468;1.436;1.481;1.464;1.465;1.456;1.358;1.336;1.275;1.228;1.175;0.507;0.55;0.478;0.488;0.473;0.462;0.448;0.501;0.502;0.478;0.586;0.575;2.205;2.232;2.233;2.238;2.175;2.284;2.532;2.348;2.117;2.062;1.954;1.83
Raw Data (584);21358;0.6;0.553;0.592;0.586;0.577;0.57;0.596;0.628;0.586;0.598;0.675;0.572;1.776;1.562;1.591;1.703;1.738;1.595;1.812;1.863;1.7;1.802;1.738;1.684;1.845;1.636;1.763;1.705;1.641;1.679;2.014;1.98;1.965;1.997;1.99;1.976;0.632;0.569;0.599;0.57;0.61;0.604;0.611;0.612;0.624;0.592;0.606;0.634;1.471;1.434;1.414;1.504;1.522;1.446;1.209;1.392;1.381;1.501;1.559;1.577;1.695;1.498;1.451;1.483;1.468;1.451;1.474;1.396;1.346;1.329;1.256;1.224;0.506;0.554;0.471;0.471;0.456;0.443;0.445;0.503;0.506;0.474;0.578;0.568;2.457;2.451;2.401;2.35;2.299;2.531;2.587;2.361;2.165;2.124;2.006;1.872
Raw Data (584);21969;0.6;0.58;0.581;0.595;0.577;0.593;0.604;0.632;0.587;0.61;0.674;0.589;1.864;1.614;1.631;1.747;1.771;1.646;1.857;1.928;1.759;1.876;1.807;1.733;1.939;1.677;1.825;1.76;1.713;1.709;2.094;2.036;2.033;2.059;2.068;2.052;0.636;0.57;0.625;0.596;0.613;0.613;0.614;0.627;0.642;0.607;0.622;0.634;1.485;1.478;1.448;1.552;1.607;1.52;1.264;1.433;1.415;1.52;1.62;1.625;1.731;1.529;1.486;1.519;1.542;1.548;1.499;1.446;1.38;1.367;1.327;1.266;0.504;0.55;0.489;0.509;0.49;0.458;0.454;0.514;0.491;0.488;0.582;0.581;2.815;2.828;2.67;2.639;2.466;2.786;2.672;2.423;2.21;2.141;2.068;1.901
Raw Data (584);22580;0.593;0.578;0.581;0.582;0.571;0.583;0.597;0.632;0.592;0.601;0.682;0.571;1.9;1.642;1.641;1.769;1.818;1.667;1.912;1.972;1.806;1.878;1.837;1.777;1.981;1.704;1.851;1.764;1.713;1.715;2.16;2.095;2.101;2.126;2.13;2.125;0.627;0.564;0.593;0.584;0.604;0.607;0.606;0.627;0.631;0.602;0.623;0.633;1.514;1.499;1.5;1.576;1.628;1.533;1.275;1.409;1.41;1.53;1.634;1.638;1.782;1.546;1.503;1.551;1.542;1.581;1.519;1.45;1.385;1.405;1.346;1.297;0.511;0.554;0.492;0.49;0.468;0.452;0.452;0.522;0.499;0.486;0.578;0.57;3.022;3.115;3.004;3.048;2.716;3.01;2.724;2.461;2.256;2.192;2.126;1.931
Raw Data (584);23192;0.595;0.576;0.589;0.596;0.592;0.582;0.599;0.646;0.587;0.614;0.681;0.588;1.976;1.686;1.702;1.796;1.822;1.717;1.996;2.026;1.856;1.972;1.973;1.873;2.022;1.739;1.889;1.837;1.756;1.756;2.23;2.163;2.179;2.198;2.222;2.191;0.629;0.566;0.609;0.593;0.619;0.619;0.606;0.626;0.652;0.596;0.622;0.644;1.534;1.537;1.537;1.606;1.661;1.572;1.353;1.436;1.444;1.565;1.684;1.698;1.797;1.569;1.543;1.546;1.588;1.621;1.53;1.455;1.396;1.419;1.388;1.32;0.508;0.561;0.482;0.503;0.477;0.457;0.463;0.515;0.505;0.479;0.591;0.57;3.11;3.351;3.094;3.373;2.983;3.118;2.796;2.526;2.308;2.238;2.166;1.977
Raw Data (584);23803;0.586;0.577;0.576;0.596;0.579;0.575;0.593;0.627;0.584;0.607;0.668;0.589;2.015;1.764;1.738;1.855;1.874;1.775;2.038;2.099;1.969;2.012;2.007;1.944;2.089;1.756;1.935;1.83;1.788;1.787;2.299;2.232;2.24;2.27;2.279;2.252;0.644;0.573;0.614;0.582;0.617;0.594;0.608;0.622;0.641;0.597;0.623;0.635;1.57;1.544;1.514;1.632;1.664;1.6;1.344;1.45;1.475;1.585;1.712;1.737;1.84;1.6;1.572;1.595;1.593;1.635;1.543;1.477;1.42;1.422;1.392;1.332;0.495;0.559;0.479;0.502;0.477;0.466;0.448;0.505;0.498;0.478;0.577;0.565;3.095;3.388;3.14;3.463;3.08;3.149;2.845;2.552;2.358;2.275;2.221;1.983
Raw Data (584);24414;0.596;0.575;0.573;0.604;0.584;0.574;0.598;0.639;0.593;0.617;0.675;0.577;2.054;1.834;1.796;1.905;1.906;1.845;2.1;2.167;2.022;2.093;2.067;2.002;2.154;1.816;1.934;1.869;1.831;1.807;2.346;2.283;2.282;2.332;2.328;2.317;0.64;0.562;0.626;0.585;0.601;0.594;0.609;0.626;0.64;0.605;0.609;0.632;1.595;1.577;1.565;1.653;1.677;1.627;1.398;1.457;1.487;1.622;1.76;1.761;1.868;1.623;1.61;1.594;1.628;1.681;1.511;1.466;1.427;1.448;1.407;1.363;0.505;0.555;0.474;0.493;0.466;0.465;0.452;0.509;0.5;0.488;0.584;0.57;3.104;3.495;3.296;3.554;3.124;3.146;2.923;2.618;2.392;2.305;2.275;2.014
Raw Data (584);25025;0.585;0.573;0.573;0.587;0.586;0.572;0.59;0.628;0.579;0.603;0.663;0.583;2.11;1.899;1.875;1.955;1.969;1.902;2.169;2.244;2.085;2.167;2.143;2.071;2.204;1.857;1.994;1.931;1.885;1.835;2.394;2.331;2.341;2.374;2.398;2.36;0.608;0.563;0.621;0.586;0.598;0.594;0.622;0.616;0.642;0.593;0.61;0.624;1.625;1.605;1.586;1.667;1.709;1.667;1.353;1.513;1.496;1.644;1.805;1.824;1.916;1.64;1.637;1.631;1.665;1.7;1.573;1.489;1.44;1.464;1.434;1.385;0.5;0.553;0.474;0.49;0.482;0.459;0.445;0.496;0.51;0.472;0.575;0.564;3.093;3.525;3.329;3.542;3.081;3.25;2.972;2.65;2.444;2.343;2.325;2.042
Raw Data (584);25636;0.593;0.568;0.586;0.595;0.582;0.573;0.601;0.631;0.585;0.619;0.673;0.578;2.184;1.978;1.943;2.033;2.058;1.998;2.254;2.325;2.155;2.248;2.25;2.153;2.268;1.928;2.057;1.992;1.922;1.885;2.471;2.4;2.395;2.452;2.461;2.445;0.644;0.565;0.611;0.578;0.606;0.613;0.627;0.625;0.635;0.604;0.624;0.649;1.683;1.637;1.634;1.706;1.747;1.705;1.374;1.527;1.539;1.707;1.862;1.88;1.978;1.7;1.671;1.673;1.705;1.717;1.599;1.473;1.453;1.496;1.455;1.406;0.501;0.549;0.491;0.487;0.475;0.47;0.47;0.517;0.497;0.468;0.576;0.574;3.209;3.61;3.459;3.479;3.055;3.281;3.036;2.69;2.475;2.386;2.398;2.082
Raw Data (584);26247;0.594;0.563;0.584;0.59;0.59;0.59;0.596;0.633;0.583;0.611;0.675;0.583;2.254;2.027;2.003;2.106;2.105;2.067;2.295;2.358;2.221;2.282;2.312;2.206;2.323;1.98;2.105;2.061;1.958;1.895;2.523;2.459;2.439;2.506;2.505;2.491;0.642;0.572;0.632;0.586;0.601;0.595;0.616;0.631;0.646;0.583;0.613;0.645;1.73;1.67;1.681;1.76;1.788;1.75;1.413;1.528;1.539;1.744;1.911;1.956;2.021;1.732;1.751;1.702;1.737;1.776;1.617;1.501;1.504;1.516;1.468;1.436;0.494;0.565;0.481;0.482;0.475;0.451;0.455;0.512;0.489;0.474;0.576;0.571;3.306;3.614;3.513;3.614;3.104;3.458;3.077;2.724;2.513;2.416;2.432;2.111
Raw Data (584);26858;0.593;0.573;0.581;0.589;0.582;0.573;0.593;0.63;0.582;0.612;0.679;0.592;2.371;2.053;2.076;2.165;2.151;2.13;2.353;2.399;2.282;2.348;2.381;2.259;2.427;2.033;2.143;2.091;2.025;1.96;2.578;2.514;2.484;2.567;2.559;2.552;0.644;0.559;0.613;0.585;0.61;0.595;0.595;0.624;0.637;0.592;0.615;0.622;1.799;1.751;1.709;1.847;1.855;1.821;1.452;1.565;1.575;1.794;1.999;2.018;2.07;1.787;1.78;1.733;1.749;1.835;1.64;1.518;1.514;1.55;1.478;1.443;0.5;0.54;0.477;0.489;0.477;0.452;0.446;0.498;0.509;0.476;0.587;0.571;3.488;3.73;3.56;3.708;3.142;3.542;3.134;2.752;2.545;2.468;2.492;2.135
Raw Data (584);27470;0.582;0.568;0.578;0.59;0.587;0.571;0.596;0.64;0.585;0.615;0.673;0.58;2.482;2.134;2.12;2.217;2.208;2.147;2.417;2.477;2.334;2.416;2.445;2.309;2.504;2.07;2.163;2.124;2.062;2.02;2.635;2.561;2.535;2.614;2.592;2.606;0.646;0.58;0.609;0.58;0.607;0.591;0.613;0.616;0.638;0.593;0.615;0.633;1.867;1.802;1.748;1.89;1.92;1.856;1.466;1.581;1.595;1.848;2.058;2.083;2.128;1.841;1.802;1.752;1.801;1.884;1.681;1.54;1.536;1.564;1.532;1.459;0.507;0.557;0.477;0.486;0.469;0.456;0.457;0.521;0.508;0.479;0.59;0.567;3.636;3.802;3.708;3.761;3.215;3.651;3.175;2.804;2.578;2.503;2.538;2.19
Raw Data (584);28081;0.594;0.576;0.578;0.582;0.59;0.57;0.591;0.63;0.588;0.607;0.678;0.576;2.624;2.191;2.168;2.262;2.275;2.206;2.464;2.507;2.371;2.477;2.515;2.381;2.587;2.102;2.188;2.169;2.101;2.055;2.677;2.627;2.586;2.666;2.667;2.652;0.653;0.573;0.6;0.575;0.589;0.595;0.607;0.619;0.633;0.589;0.609;0.619;1.91;1.855;1.796;1.935;1.935;1.901;1.518;1.635;1.633;1.953;2.095;2.122;2.176;1.865;1.855;1.825;1.865;1.919;1.718;1.571;1.569;1.58;1.533;1.494;0.501;0.548;0.465;0.488;0.476;0.459;0.454;0.507;0.502;0.465;0.582;0.562;3.613;3.853;3.735;3.88;3.218;3.703;3.241;2.802;2.614;2.525;2.603;2.2
Raw Data (584);28694;0.605;0.586;0.569;0.595;0.587;0.58;0.595;0.629;0.579;0.61;0.677;0.582;2.789;2.291;2.228;2.337;2.356;2.291;2.54;2.578;2.44;2.55;2.582;2.46;2.676;2.177;2.25;2.231;2.129;2.09;2.747;2.706;2.657;2.717;2.717;2.714;0.67;0.573;0.593;0.577;0.604;0.596;0.608;0.615;0.631;0.592;0.617;0.64;1.952;1.91;1.849;1.987;1.995;1.959;1.579;1.674;1.691;2.006;2.147;2.184;2.231;1.929;1.877;1.875;1.917;1.977;1.75;1.596;1.594;1.611;1.57;1.529;0.507;0.551;0.487;0.489;0.462;0.476;0.459;0.518;0.504;0.481;0.578;0.572;3.64;3.895;3.83;3.99;3.243;3.828;3.296;2.841;2.665;2.569;2.655;2.23
Raw Data (584);29306;0.591;0.568;0.578;0.588;0.591;0.576;0.584;0.622;0.576;0.603;0.678;0.575;2.95;2.397;2.308;2.428;2.427;2.358;2.596;2.624;2.506;2.594;2.63;2.515;2.763;2.242;2.304;2.275;2.162;2.123;2.793;2.773;2.716;2.76;2.754;2.732;0.677;0.559;0.59;0.573;0.594;0.574;0.592;0.615;0.632;0.592;0.61;0.619;2.013;1.953;1.914;2.038;2.031;1.973;1.615;1.712;1.707;2.055;2.212;2.239;2.325;1.948;1.913;1.927;1.952;2.015;1.785;1.613;1.631;1.646;1.59;1.542;0.504;0.545;0.472;0.481;0.474;0.445;0.457;0.514;0.499;0.467;0.57;0.57;3.677;3.939;3.88;4.032;3.21;3.825;3.36;2.874;2.691;2.597;2.693;2.264
Raw Data (584);29919;0.59;0.577;0.579;0.601;0.579;0.576;0.594;0.629;0.578;0.601;0.673;0.592;3.118;2.523;2.41;2.54;2.552;2.446;2.647;2.693;2.567;2.621;2.673;2.57;2.843;2.318;2.367;2.333;2.218;2.146;2.83;2.824;2.777;2.808;2.809;2.806;0.69;0.565;0.588;0.585;0.595;0.597;0.612;0.605;0.652;0.593;0.619;0.631;2.091;2.009;1.979;2.066;2.086;2.036;1.653;1.764;1.795;2.125;2.247;2.283;2.424;1.983;1.944;1.94;1.986;2.032;1.841;1.627;1.653;1.688;1.63;1.584;0.5;0.56;0.484;0.485;0.478;0.456;0.461;0.511;0.502;0.488;0.583;0.566;3.732;3.951;3.931;4.064;3.245;4.055;3.421;2.923;2.738;2.634;2.728;2.3
Raw Data (584);30531;0.584;0.572;0.572;0.595;0.583;0.582;0.588;0.628;0.581;0.606;0.672;0.582;3.238;2.665;2.533;2.664;2.676;2.566;2.71;2.75;2.63;2.658;2.739;2.622;2.87;2.4;2.44;2.39;2.266;2.187;2.881;2.872;2.822;2.867;2.851;2.856;0.717;0.564;0.581;0.589;0.599;0.59;0.61;0.61;0.641;0.585;0.611;0.638;2.191;2.078;2.029;2.124;2.146;2.084;1.679;1.849;1.901;2.173;2.304;2.332;2.544;2.01;1.986;1.968;2.031;2.077;1.863;1.667;1.685;1.74;1.63;1.586;0.505;0.547;0.488;0.479;0.475;0.46;0.457;0.51;0.494;0.475;0.563;0.579;3.816;3.995;3.93;4.129;3.288;4.153;3.466;2.96;2.787;2.679;2.767;2.329
Raw Data (584);31145;0.598;0.568;0.578;0.584;0.592;0.587;0.591;0.632;0.591;0.62;0.693;0.582;3.352;2.788;2.667;2.804;2.802;2.718;2.767;2.834;2.717;2.746;2.8;2.693;2.924;2.492;2.535;2.483;2.343;2.229;2.929;2.923;2.881;2.925;2.903;2.913;0.749;0.566;0.594;0.582;0.587;0.605;0.614;0.626;0.643;0.59;0.614;0.645;2.316;2.162;2.102;2.207;2.232;2.167;1.772;1.957;1.969;2.259;2.348;2.359;2.652;2.065;2.039;2.025;2.108;2.132;1.917;1.714;1.736;1.771;1.693;1.624;0.504;0.553;0.463;0.487;0.475;0.463;0.454;0.51;0.515;0.483;0.574;0.566;3.928;4.067;3.976;4.184;3.306;4.149;3.55;3.016;2.826;2.712;2.836;2.355
Raw Data (584);31758;0.581;0.558;0.568;0.574;0.563;0.577;0.585;0.611;0.571;0.589;0.657;0.579;3.44;2.892;2.791;2.92;2.907;2.837;2.822;2.893;2.747;2.792;2.854;2.735;2.981;2.585;2.595;2.551;2.406;2.277;2.968;2.984;2.942;2.957;2.944;2.96;0.774;0.558;0.584;0.568;0.585;0.579;0.592;0.607;0.63;0.589;0.606;0.617;2.455;2.236;2.192;2.273;2.308;2.224;1.826;2.049;2.05;2.34;2.368;2.401;2.741;2.141;2.051;2.046;2.152;2.191;1.958;1.748;1.777;1.818;1.726;1.661;0.489;0.529;0.48;0.482;0.461;0.446;0.449;0.5;0.49;0.459;0.577;0.574;3.936;4.096;3.97;4.114;3.306;4.095;3.583;3.009;2.858;2.727;2.844;2.363
Raw Data (584);32369;0.586;0.552;0.568;0.58;0.573;0.571;0.585;0.619;0.575;0.6;0.662;0.576;3.553;3.02;2.917;3.082;3.052;2.979;2.888;2.947;2.827;2.862;2.91;2.807;3.035;2.682;2.673;2.619;2.496;2.364;3.017;3.044;3.013;3.028;3.004;3.022;0.814;0.565;0.589;0.574;0.6;0.587;0.586;0.606;0.653;0.586;0.609;0.627;2.64;2.324;2.28;2.369;2.425;2.317;1.895;2.153;2.141;2.449;2.422;2.431;2.833;2.21;2.084;2.116;2.228;2.265;2.015;1.813;1.818;1.851;1.78;1.715;0.496;0.544;0.475;0.484;0.466;0.452;0.442;0.506;0.494;0.459;0.557;0.572;3.948;4.14;4.011;4.195;3.324;4.168;3.626;3.059;2.899;2.769;2.898;2.429
Raw Data (584);32982;0.584;0.571;0.569;0.582;0.581;0.579;0.586;0.624;0.573;0.6;0.665;0.577;3.609;3.152;3.039;3.212;3.171;3.089;2.96;3.032;2.904;2.929;2.978;2.866;3.091;2.748;2.726;2.655;2.593;2.439;3.079;3.105;3.072;3.071;3.049;3.069;0.858;0.562;0.591;0.577;0.593;0.59;0.606;0.602;0.645;0.585;0.608;0.632;2.786;2.438;2.407;2.464;2.546;2.407;2.023;2.227;2.217;2.545;2.467;2.484;2.917;2.289;2.128;2.195;2.32;2.342;2.061;1.843;1.852;1.889;1.802;1.753;0.5;0.542;0.476;0.478;0.478;0.456;0.454;0.515;0.496;0.455;0.571;0.57;3.961;4.209;4.036;4.307;3.36;4.2;3.679;3.064;2.932;2.821;2.959;2.449
Raw Data (584);33594;0.594;0.568;0.574;0.585;0.587;0.573;0.597;0.628;0.598;0.614;0.679;0.579;3.681;3.269;3.179;3.353;3.286;3.216;3.014;3.104;2.978;3.001;3.047;2.943;3.155;2.797;2.767;2.718;2.646;2.534;3.114;3.169;3.142;3.126;3.087;3.127;0.92;0.562;0.599;0.574;0.585;0.583;0.605;0.612;0.648;0.605;0.616;0.631;2.912;2.589;2.556;2.562;2.688;2.548;2.105;2.342;2.335;2.646;2.507;2.531;2.983;2.376;2.163;2.274;2.404;2.435;2.116;1.907;1.905;1.931;1.83;1.805;0.508;0.547;0.481;0.496;0.479;0.453;0.449;0.522;0.504;0.466;0.586;0.565;3.989;4.273;4.094;4.387;3.411;4.282;3.711;3.09;2.964;2.868;2.99;2.504
Raw Data (584);34206;0.604;0.571;0.576;0.594;0.581;0.584;0.6;0.64;0.592;0.621;0.68;0.585;3.748;3.372;3.304;3.478;3.444;3.341;3.104;3.197;3.048;3.084;3.113;3.023;3.207;2.827;2.858;2.783;2.731;2.618;3.183;3.25;3.203;3.192;3.134;3.174;0.979;0.575;0.591;0.58;0.603;0.597;0.61;0.624;0.655;0.599;0.618;0.638;3.027;2.716;2.712;2.701;2.786;2.662;2.181;2.4;2.447;2.707;2.563;2.569;3.04;2.497;2.186;2.374;2.502;2.514;2.191;1.93;1.952;2.006;1.873;1.835;0.517;0.554;0.487;0.497;0.472;0.467;0.445;0.518;0.508;0.482;0.58;0.572;4.015;4.318;4.133;4.404;3.469;4.272;3.766;3.148;3.001;2.891;3.046;2.56
Raw Data (584);34817;0.603;0.559;0.579;0.597;0.593;0.587;0.594;0.636;0.587;0.607;0.676;0.585;3.807;3.493;3.43;3.568;3.514;3.441;3.154;3.26;3.131;3.15;3.185;3.082;3.252;2.869;2.903;2.797;2.798;2.691;3.202;3.273;3.254;3.226;3.179;3.22;1.118;0.575;0.579;0.579;0.598;0.582;0.6;0.614;0.658;0.599;0.61;0.626;3.103;2.867;2.861;2.798;2.868;2.775;2.244;2.493;2.547;2.783;2.63;2.605;3.119;2.604;2.189;2.468;2.556;2.57;2.24;1.994;2.018;2.066;1.915;1.867;0.51;0.554;0.485;0.487;0.464;0.46;0.452;0.522;0.508;0.479;0.571;0.562;4.058;4.346;4.148;4.432;3.538;4.365;3.807;3.166;3.038;2.92;3.099;2.568
Raw Data (584);35431;0.604;0.567;0.574;0.584;0.575;0.575;0.587;0.62;0.574;0.597;0.663;0.582;3.834;3.548;3.525;3.639;3.591;3.515;3.194;3.357;3.221;3.203;3.245;3.159;3.293;2.904;2.919;2.836;2.855;2.749;3.254;3.339;3.302;3.277;3.232;3.25;1.179;0.571;0.582;0.587;0.594;0.592;0.601;0.621;0.638;0.584;0.612;0.632;3.152;2.972;2.975;2.889;2.954;2.886;2.293;2.578;2.653;2.876;2.675;2.665;3.163;2.67;2.214;2.554;2.604;2.632;2.311;2.049;2.069;2.12;1.935;1.907;0.492;0.546;0.482;0.49;0.474;0.462;0.446;0.516;0.494;0.475;0.582;0.563;4.106;4.396;4.127;4.458;3.601;4.399;3.835;3.214;3.059;2.944;3.129;2.604
Raw Data (584);36042;0.612;0.577;0.574;0.591;0.585;0.574;0.587;0.627;0.585;0.604;0.666;0.574;3.874;3.618;3.603;3.701;3.692;3.572;3.252;3.433;3.311;3.244;3.306;3.212;3.34;2.941;2.997;2.912;2.909;2.797;3.298;3.388;3.349;3.32;3.244;3.297;1.209;0.572;0.581;0.575;0.6;0.585;0.602;0.622;0.649;0.585;0.612;0.628;3.194;3.072;3.077;2.988;3.019;2.965;2.4;2.693;2.752;2.967;2.751;2.733;3.195;2.76;2.252;2.622;2.652;2.661;2.39;2.104;2.142;2.209;1.981;1.944;0.493;0.549;0.476;0.485;0.479;0.456;0.464;0.517;0.499;0.478;0.568;0.555;4.156;4.407;4.141;4.506;3.69;4.415;3.912;3.257;3.098;2.983;3.176;2.649
Raw Data (584);36654;0.624;0.569;0.574;0.582;0.579;0.573;0.593;0.63;0.58;0.613;0.669;0.584;3.921;3.687;3.673;3.747;3.76;3.658;3.284;3.504;3.417;3.308;3.346;3.287;3.377;2.975;3.048;2.94;2.987;2.86;3.324;3.456;3.404;3.363;3.289;3.328;1.254;0.573;0.578;0.585;0.606;0.585;0.601;0.613;0.663;0.602;0.619;0.628;3.217;3.097;3.165;3.035;3.055;2.991;2.476;2.793;2.827;3.05;2.826;2.792;3.253;2.788;2.264;2.692;2.69;2.692;2.468;2.18;2.203;2.273;2.025;1.964;0.504;0.542;0.482;0.496;0.474;0.455;0.454;0.516;0.506;0.466;0.579;0.579;4.204;4.478;4.22;4.566;3.795;4.42;3.935;3.269;3.138;3.041;3.201;2.69
Raw Data (584);37266;0.64;0.567;0.581;0.576;0.586;0.566;0.595;0.63;0.582;0.594;0.676;0.578;3.951;3.752;3.721;3.811;3.803;3.725;3.33;3.611;3.451;3.345;3.398;3.353;3.401;3.016;3.106;3.002;3.029;2.861;3.375;3.508;3.428;3.393;3.335;3.379;1.269;0.575;0.571;0.581;0.595;0.583;0.604;0.61;0.653;0.589;0.611;0.638;3.236;3.152;3.208;3.064;3.062;3.031;2.556;2.901;2.922;3.107;2.899;2.843;3.287;2.828;2.284;2.748;2.731;2.716;2.512;2.248;2.279;2.351;2.089;2.018;0.506;0.546;0.472;0.494;0.47;0.461;0.448;0.517;0.494;0.481;0.581;0.574;4.21;4.546;4.292;4.587;3.881;4.536;3.987;3.282;3.16;3.068;3.252;2.728
Raw Data (584);37878;0.671;0.578;0.589;0.602;0.591;0.587;0.597;0.63;0.592;0.608;0.677;0.589;4.002;3.814;3.788;3.87;3.845;3.783;3.393;3.701;3.595;3.393;3.447;3.428;3.432;3.049;3.146;3.077;3.085;2.926;3.428;3.561;3.501;3.452;3.366;3.424;1.298;0.56;0.582;0.576;0.598;0.592;0.605;0.61;0.643;0.598;0.631;0.634;3.23;3.171;3.254;3.095;3.119;3.068;2.607;2.992;2.978;3.152;2.943;2.922;3.318;2.881;2.309;2.777;2.778;2.753;2.567;2.335;2.355;2.437;2.096;2.076;0.489;0.554;0.48;0.486;0.484;0.463;0.442;0.507;0.49;0.467;0.586;0.567;4.195;4.545;4.299;4.614;3.941;4.573;4.01;3.327;3.194;3.112;3.294;2.755
Raw Data (584);38490;0.7;0.57;0.582;0.593;0.576;0.571;0.586;0.629;0.585;0.603;0.665;0.574;4.016;3.857;3.83;3.908;3.899;3.841;3.425;3.77;3.632;3.434;3.486;3.456;3.459;3.077;3.186;3.119;3.142;2.981;3.466;3.595;3.523;3.482;3.393;3.454;1.306;0.568;0.58;0.569;0.594;0.574;0.606;0.625;0.639;0.582;0.615;0.627;3.268;3.224;3.292;3.128;3.168;3.097;2.69;3.021;3.019;3.219;3.006;2.932;3.327;2.923;2.33;2.831;2.814;2.778;2.618;2.397;2.424;2.485;2.148;2.167;0.486;0.542;0.479;0.483;0.47;0.452;0.452;0.513;0.497;0.481;0.582;0.566;4.169;4.502;4.325;4.577;3.994;4.511;4.046;3.345;3.229;3.128;3.336;2.788
Raw Data (584);39101;0.753;0.58;0.575;0.584;0.586;0.589;0.59;0.644;0.596;0.613;0.677;0.583;4.12;3.925;3.895;3.984;3.961;3.878;3.475;3.901;3.767;3.484;3.549;3.538;3.523;3.116;3.258;3.161;3.206;3.014;3.51;3.64;3.585;3.538;3.483;3.501;1.363;0.568;0.59;0.594;0.591;0.593;0.607;0.621;0.641;0.607;0.626;0.647;3.313;3.239;3.321;3.178;3.186;3.139;2.752;3.058;3.057;3.265;3.073;3.012;3.376;2.98;2.364;2.879;2.84;2.797;2.672;2.478;2.515;2.545;2.194;2.273;0.512;0.536;0.486;0.495;0.467;0.466;0.477;0.509;0.517;0.482;0.582;0.583;4.175;4.5;4.308;4.618;4.035;4.63;4.115;3.4;3.287;3.171;3.357;2.843
Raw Data (584);39714;0.782;0.577;0.585;0.603;0.58;0.579;0.586;0.634;0.58;0.598;0.666;0.579;4.16;3.987;3.92;4.011;3.993;3.931;3.515;3.954;3.836;3.543;3.59;3.622;3.543;3.13;3.282;3.223;3.265;3.054;3.57;3.69;3.611;3.578;3.549;3.526;1.357;0.577;0.583;0.583;0.592;0.592;0.6;0.611;0.642;0.599;0.612;0.623;3.336;3.224;3.351;3.235;3.238;3.201;2.852;3.056;3.071;3.289;3.104;3.053;3.409;2.998;2.388;2.913;2.875;2.83;2.696;2.563;2.603;2.581;2.237;2.307;0.499;0.554;0.468;0.475;0.472;0.46;0.454;0.52;0.502;0.48;0.58;0.573;4.194;4.51;4.251;4.701;4.062;4.635;4.142;3.418;3.339;3.209;3.409;2.869
Raw Data (584);40326;0.857;0.57;0.58;0.584;0.577;0.582;0.591;0.63;0.582;0.6;0.664;0.593;4.166;4.016;3.933;4.072;4.062;3.977;3.552;4.021;3.798;3.565;3.61;3.66;3.581;3.156;3.282;3.236;3.283;3.065;3.618;3.731;3.659;3.624;3.555;3.595;1.369;0.56;0.601;0.586;0.592;0.604;0.606;0.622;0.636;0.594;0.619;0.642;3.336;3.239;3.393;3.196;3.22;3.18;2.921;3.094;3.125;3.342;3.136;3.07;3.408;3.036;2.413;2.957;2.892;2.851;2.692;2.598;2.632;2.611;2.249;2.401;0.507;0.547;0.468;0.496;0.474;0.462;0.462;0.527;0.502;0.48;0.57;0.572;4.247;4.559;4.359;4.769;4.021;4.668;4.194;3.427;3.36;3.228;3.425;2.903
Raw Data (584);40938;0.878;0.561;0.56;0.589;0.577;0.567;0.584;0.62;0.568;0.597;0.653;0.565;4.174;4.056;3.99;4.102;4.076;4.018;3.596;4.039;3.712;3.595;3.636;3.721;3.6;3.182;3.32;3.275;3.331;3.096;3.648;3.78;3.684;3.704;3.575;3.621;1.382;0.561;0.586;0.581;0.586;0.586;0.597;0.616;0.633;0.584;0.62;0.619;3.332;3.268;3.439;3.224;3.259;3.192;2.991;3.16;3.145;3.427;3.191;3.11;3.442;3.059;2.426;2.991;2.921;2.875;2.735;2.649;2.68;2.676;2.243;2.438;0.501;0.542;0.465;0.484;0.473;0.444;0.45;0.504;0.489;0.477;0.579;0.564;4.28;4.579;4.404;4.688;4.04;4.727;4.205;3.441;3.415;3.248;3.474;2.948
Raw Data (584);41550;0.935;0.564;0.577;0.593;0.579;0.581;0.6;0.634;0.584;0.608;0.681;0.587;4.203;4.089;4.033;4.122;4.112;4.073;3.64;4.098;3.958;3.646;3.696;3.754;3.639;3.224;3.373;3.33;3.374;3.164;3.704;3.817;3.733;3.739;3.605;3.664;1.432;0.574;0.6;0.576;0.603;0.601;0.609;0.621;0.648;0.597;0.618;0.635;3.363;3.278;3.475;3.27;3.293;3.216;3.062;3.153;3.186;3.423;3.191;3.133;3.481;3.089;2.455;3.039;2.95;2.902;2.782;2.72;2.733;2.709;2.28;2.491;0.513;0.547;0.48;0.492;0.481;0.458;0.453;0.525;0.517;0.471;0.579;0.569;4.323;4.619;4.445;4.731;4.024;4.646;4.216;3.482;3.443;3.299;3.495;2.979
Raw Data (584);42162;1.048;0.563;0.572;0.59;0.595;0.575;0.595;0.637;0.59;0.603;0.682;0.591;4.255;4.113;4.035;4.141;4.168;4.138;3.678;4.202;4.054;3.679;3.735;3.835;3.661;3.244;3.413;3.346;3.407;3.193;3.714;3.894;3.8;3.799;3.642;3.694;1.414;0.563;0.593;0.562;0.592;0.578;0.6;0.614;0.639;0.595;0.62;0.626;3.352;3.278;3.509;3.323;3.338;3.263;3.049;3.108;3.176;3.425;3.242;3.149;3.509;3.111;2.472;3.102;3.002;2.92;2.802;2.759;2.773;2.762;2.301;2.555;0.501;0.547;0.488;0.48;0.472;0.46;0.451;0.514;0.51;0.478;0.57;0.579;4.304;4.647;4.397;4.744;3.974;4.78;4.237;3.547;3.482;3.325;3.509;3.022
Raw Data (584);42775;1.127;0.572;0.589;0.588;0.578;0.58;0.581;0.628;0.582;0.599;0.675;0.581;4.283;4.144;4.097;4.173;4.246;4.189;3.731;4.248;4.124;3.738;3.785;3.957;3.698;3.282;3.428;3.378;3.437;3.226;3.743;3.949;3.839;3.824;3.652;3.705;1.447;0.571;0.575;0.571;0.594;0.587;0.604;0.607;0.634;0.588;0.618;0.625;3.348;3.345;3.54;3.316;3.352;3.26;3.129;3.16;3.169;3.623;3.27;3.185;3.554;3.172;2.491;3.132;2.991;2.938;2.812;2.783;2.809;2.773;2.335;2.648;0.513;0.541;0.481;0.488;0.475;0.466;0.449;0.52;0.504;0.481;0.577;0.562;4.369;4.669;4.481;4.849;4.02;4.795;4.314;3.522;3.5;3.354;3.552;3.037
Raw Data (584);43386;1.211;0.567;0.584;0.59;0.587;0.577;0.595;0.639;0.584;0.61;0.667;0.587;4.274;4.16;4.098;4.184;4.228;4.19;3.784;4.298;4.216;3.782;3.835;4.045;3.734;3.313;3.46;3.423;3.463;3.248;3.768;3.951;3.88;3.851;3.667;3.731;1.469;0.555;0.59;0.594;0.599;0.586;0.599;0.624;0.638;0.607;0.625;0.613;3.349;3.347;3.567;3.317;3.389;3.288;3.147;3.173;3.179;3.534;3.297;3.225;3.577;3.188;2.515;3.132;3.014;2.981;2.865;2.833;2.85;2.816;2.334;2.627;0.501;0.553;0.477;0.5;0.472;0.461;0.453;0.511;0.504;0.484;0.573;0.577;4.405;4.724;4.478;4.768;4.002;4.826;4.336;3.538;3.544;3.38;3.547;3.078
Raw Data (584);43998;1.294;0.567;0.583;0.582;0.586;0.588;0.578;0.628;0.587;0.603;0.687;0.582;4.321;4.217;4.12;4.213;4.214;4.187;3.813;4.382;4.239;3.805;3.888;4.1;3.755;3.355;3.521;3.46;3.498;3.31;3.79;4.001;3.913;3.915;3.715;3.749;1.519;0.569;0.59;0.578;0.595;0.58;0.608;0.607;0.638;0.595;0.619;0.628;3.37;3.361;3.599;3.349;3.423;3.33;3.207;3.186;3.18;3.503;3.34;3.236;3.616;3.212;2.533;3.181;3.04;2.992;2.874;2.874;2.896;2.842;2.356;2.686;0.493;0.549;0.482;0.497;0.477;0.46;0.449;0.512;0.497;0.466;0.568;0.563;4.413;4.742;4.5;4.719;3.978;4.832;4.331;3.597;3.578;3.393;3.598;3.112
Raw Data (584);44611;1.409;0.573;0.584;0.6;0.583;0.589;0.594;0.638;0.594;0.61;0.677;0.593;4.379;4.288;4.17;4.281;4.316;4.202;3.836;4.481;4.266;3.849;3.932;4.075;3.805;3.422;3.554;3.499;3.554;3.363;3.82;4.083;3.963;3.92;3.726;3.754;1.55;0.58;0.588;0.593;0.602;0.601;0.608;0.624;0.658;0.596;0.632;0.631;3.4;3.407;3.63;3.38;3.452;3.339;3.237;3.214;3.257;3.517;3.355;3.289;3.65;3.261;2.559;3.224;3.059;3.014;2.903;2.901;2.934;2.866;2.381;2.735;0.507;0.55;0.48;0.494;0.489;0.469;0.466;0.538;0.511;0.485;0.598;0.574;4.486;4.794;4.539;4.855;4.068;4.813;4.32;3.621;3.624;3.443;3.629;3.135
Raw Data (584);45223;1.513;0.573;0.582;0.586;0.574;0.581;0.598;0.634;0.577;0.594;0.667;0.591;4.431;4.318;4.197;4.315;4.366;4.205;3.852;4.505;4.287;3.855;3.949;4.117;3.821;3.425;3.57;3.523;3.58;3.389;3.842;4.083;3.983;3.947;3.772;3.784;1.573;0.561;0.591;0.582;0.596;0.588;0.604;0.615;0.644;0.594;0.622;0.625;3.436;3.422;3.647;3.391;3.476;3.357;3.248;3.222;3.22;3.514;3.415;3.3;3.638;3.288;2.579;3.229;3.058;3.034;2.909;2.93;2.974;2.905;2.411;2.748;0.501;0.551;0.477;0.488;0.481;0.454;0.45;0.518;0.508;0.469;0.569;0.57;4.495;4.794;4.522;4.998;4.062;4.888;4.373;3.633;3.636;3.438;3.627;3.141
Raw Data (584);45835;1.549;0.564;0.574;0.577;0.567;0.564;0.592;0.629;0.587;0.603;0.669;0.584;4.463;4.326;4.22;4.349;4.382;4.255;3.892;4.533;4.299;3.867;3.966;4.228;3.858;3.487;3.622;3.562;3.597;3.416;3.868;4.097;4.014;3.952;3.784;3.828;1.596;0.56;0.586;0.572;0.585;0.587;0.611;0.619;0.634;0.588;0.62;0.617;3.434;3.444;3.657;3.409;3.487;3.364;3.259;3.192;3.238;3.596;3.414;3.312;3.672;3.292;2.581;3.271;3.074;3.055;2.94;2.961;3.006;2.924;2.427;2.772;0.491;0.552;0.477;0.496;0.466;0.457;0.464;0.514;0.505;0.483;0.575;0.566;4.523;4.829;4.558;4.83;4.082;4.779;4.334;3.731;3.661;3.476;3.668;3.164
Raw Data (584);46447;1.586;0.565;0.57;0.584;0.575;0.566;0.586;0.621;0.579;0.605;0.672;0.582;4.508;4.373;4.265;4.399;4.385;4.377;3.907;4.549;4.397;3.895;3.993;4.327;3.926;3.496;3.631;3.612;3.659;3.47;3.906;4.14;4.042;3.992;3.826;3.87;1.631;0.555;0.589;0.575;0.591;0.585;0.598;0.622;0.643;0.593;0.626;0.622;3.485;3.483;3.72;3.452;3.509;3.401;3.289;3.216;3.314;3.58;3.442;3.369;3.685;3.34;2.617;3.3;3.117;3.075;2.974;2.99;3.045;2.971;2.455;2.845;0.504;0.553;0.483;0.495;0.467;0.465;0.462;0.511;0.495;0.465;0.562;0.55;4.541;4.842;4.57;4.808;4.077;4.866;4.393;3.769;3.677;3.501;3.707;3.214
Raw Data (584);47060;1.513;0.567;0.576;0.583;0.576;0.579;0.59;0.623;0.582;0.601;0.67;0.585;4.531;4.415;4.278;4.428;4.456;4.375;3.927;4.576;4.413;3.921;4.012;4.295;3.959;3.559;3.679;3.638;3.659;3.487;3.918;4.172;4.062;4.021;3.853;3.907;1.672;0.56;0.581;0.582;0.596;0.586;0.605;0.618;0.638;0.589;0.621;0.628;3.483;3.457;3.721;3.431;3.499;3.421;3.271;3.199;3.337;3.506;3.402;3.386;3.724;3.364;2.631;3.335;3.138;3.098;2.975;3.034;3.084;3.01;2.478;2.876;0.504;0.553;0.468;0.483;0.472;0.46;0.47;0.504;0.507;0.493;0.582;0.564;4.588;4.861;4.585;5.018;4.094;4.813;4.463;3.826;3.713;3.519;3.705;3.213
Raw Data (584);47673;1.58;0.553;0.567;0.584;0.568;0.564;0.587;0.612;0.574;0.596;0.671;0.578;4.534;4.435;4.314;4.462;4.516;4.382;3.953;4.606;4.529;3.949;4.011;4.254;3.965;3.614;3.707;3.685;3.689;3.51;3.937;4.183;4.1;4.06;3.833;3.909;1.713;0.56;0.578;0.572;0.591;0.584;0.605;0.62;0.635;0.589;0.613;0.623;3.511;3.494;3.74;3.486;3.537;3.462;3.342;3.195;3.35;3.632;3.489;3.424;3.754;3.377;2.643;3.345;3.151;3.118;3.013;3.041;3.097;3.021;2.507;2.893;0.493;0.548;0.484;0.476;0.468;0.453;0.445;0.513;0.497;0.478;0.571;0.569;4.582;4.875;4.578;5.056;4.127;4.886;4.398;3.882;3.734;3.546;3.719;3.22
Raw Data (584);48286;1.598;0.554;0.572;0.58;0.58;0.58;0.58;0.616;0.579;0.601;0.673;0.576;4.551;4.452;4.357;4.504;4.559;4.429;3.971;4.634;4.539;3.955;4.055;4.411;3.992;3.643;3.745;3.74;3.727;3.547;3.961;4.221;4.126;4.111;3.828;3.902;1.765;0.565;0.589;0.574;0.583;0.58;0.602;0.607;0.634;0.588;0.628;0.611;3.51;3.519;3.777;3.486;3.552;3.474;3.393;3.252;3.393;3.798;3.484;3.443;3.766;3.413;2.675;3.385;3.164;3.125;3.026;3.07;3.138;3.091;2.524;2.931;0.51;0.548;0.47;0.492;0.475;0.463;0.448;0.511;0.49;0.49;0.566;0.565;4.593;4.884;4.597;4.888;4.153;4.893;4.518;3.869;3.769;3.586;3.724;3.275
Raw Data (584);48899;1.65;0.588;0.58;0.585;0.584;0.573;0.599;0.634;0.586;0.608;0.679;0.578;4.593;4.487;4.391;4.516;4.55;4.462;4.01;4.679;4.599;4.005;4.066;4.417;4.017;3.692;3.791;3.777;3.789;3.599;3.983;4.237;4.167;4.125;3.849;3.901;1.813;0.558;0.577;0.558;0.584;0.59;0.602;0.607;0.647;0.589;0.631;0.622;3.558;3.533;3.792;3.562;3.549;3.533;3.351;3.197;3.38;3.864;3.529;3.477;3.785;3.426;2.695;3.419;3.174;3.155;3.073;3.097;3.176;3.118;2.565;2.98;0.498;0.549;0.478;0.492;0.465;0.459;0.458;0.521;0.504;0.477;0.577;0.565;4.571;4.901;4.612;4.882;4.087;4.895;4.47;3.86;3.811;3.626;3.723;3.287
Raw Data (584);49512;1.617;0.579;0.584;0.591;0.589;0.586;0.574;0.638;0.586;0.617;0.683;0.576;4.622;4.53;4.432;4.556;4.512;4.502;4.024;4.729;4.475;4.026;4.109;4.384;4.052;3.72;3.858;3.809;3.804;3.637;3.971;4.316;4.19;4.16;3.857;3.904;1.853;0.573;0.603;0.58;0.601;0.594;0.61;0.619;0.645;0.596;0.646;0.629;3.577;3.572;3.811;3.546;3.561;3.544;3.365;3.272;3.424;3.747;3.525;3.546;3.829;3.473;2.726;3.451;3.204;3.151;3.095;3.158;3.21;3.151;2.573;3.029;0.512;0.555;0.489;0.495;0.475;0.473;0.468;0.527;0.51;0.471;0.586;0.566;4.617;4.925;4.654;5.101;4.179;4.894;4.576;3.871;3.867;3.653;3.765;3.316
Raw Data (584);50125;1.658;0.574;0.575;0.584;0.585;0.578;0.606;0.632;0.595;0.611;0.651;0.595;4.635;4.565;4.445;4.559;4.52;4.503;4.046;4.774;4.592;4.055;4.132;4.478;4.085;3.742;3.871;3.814;3.824;3.653;3.982;4.315;4.218;4.163;3.871;3.911;1.889;0.579;0.593;0.585;0.607;0.602;0.61;0.629;0.647;0.592;0.66;0.635;3.601;3.587;3.833;3.536;3.557;3.539;3.422;3.412;3.454;3.727;3.534;3.548;3.837;3.499;2.748;3.473;3.221;3.18;3.105;3.182;3.241;3.158;2.618;3.038;0.499;0.554;0.5;0.498;0.482;0.469;0.453;0.519;0.504;0.485;0.58;0.565;4.649;4.917;4.684;4.947;4.222;4.953;4.542;3.864;3.935;3.705;3.802;3.342
Raw Data (584);50737;1.697;0.572;0.572;0.591;0.573;0.593;0.589;0.629;0.594;0.603;0.672;0.589;4.648;4.575;4.456;4.563;4.602;4.519;4.064;4.821;4.659;4.074;4.149;4.451;4.082;3.779;3.882;3.844;3.848;3.671;3.983;4.323;4.219;4.165;3.864;3.936;1.923;0.581;0.603;0.582;0.585;0.599;0.602;0.614;0.641;0.593;0.671;0.623;3.62;3.59;3.836;3.559;3.597;3.535;3.426;3.474;3.457;3.786;3.598;3.582;3.871;3.514;2.784;3.482;3.237;3.193;3.123;3.199;3.244;3.192;2.637;3.059;0.5;0.549;0.482;0.492;0.475;0.465;0.452;0.525;0.51;0.483;0.577;0.57;4.661;4.938;4.66;4.965;4.257;4.938;4.59;3.861;3.953;3.721;3.831;3.349
Raw Data (584);51350;1.718;0.564;0.577;0.58;0.578;0.577;0.584;0.624;0.589;0.609;0.663;0.577;4.656;4.589;4.467;4.569;4.675;4.564;4.079;4.845;4.503;4.094;4.168;4.562;4.107;3.813;3.927;3.857;3.908;3.696;3.992;4.412;4.203;4.167;3.885;3.942;1.961;0.568;0.578;0.557;0.605;0.604;0.591;0.617;0.633;0.59;0.678;0.625;3.649;3.638;3.865;3.593;3.599;3.568;3.498;3.417;3.528;3.95;3.657;3.596;3.896;3.538;2.814;3.517;3.277;3.196;3.14;3.216;3.294;3.226;2.656;3.1;0.51;0.547;0.475;0.493;0.482;0.464;0.46;0.518;0.503;0.487;0.58;0.565;4.667;4.934;4.656;5.164;4.3;4.926;4.599;3.847;3.972;3.742;3.885;3.377
Raw Data (584);51963;1.769;0.562;0.572;0.582;0.579;0.578;0.581;0.627;0.579;0.604;0.667;0.581;4.666;4.593;4.489;4.578;4.681;4.613;4.086;4.86;4.64;4.118;4.199;4.564;4.133;3.826;3.946;3.902;3.965;3.736;4;4.36;4.223;4.193;3.895;3.941;2.023;0.564;0.583;0.575;0.6;0.602;0.602;0.608;0.641;0.592;0.714;0.624;3.66;3.632;3.868;3.602;3.625;3.584;3.478;3.452;3.526;3.943;3.645;3.632;3.915;3.574;2.831;3.535;3.289;3.234;3.148;3.257;3.321;3.245;2.679;3.108;0.509;0.551;0.489;0.484;0.468;0.45;0.47;0.523;0.504;0.485;0.576;0.565;4.663;4.961;4.623;4.989;4.327;4.981;4.655;3.862;4.001;3.775;3.893;3.386
Raw Data (584);52576;1.844;0.565;0.565;0.582;0.572;0.566;0.591;0.622;0.578;0.606;0.671;0.577;4.69;4.598;4.513;4.595;4.662;4.641;4.077;4.897;4.684;4.137;4.215;4.598;4.169;3.861;3.952;3.914;4.002;3.777;4.011;4.306;4.224;4.206;3.888;3.936;2.068;0.568;0.587;0.572;0.597;0.608;0.606;0.613;0.642;0.578;0.745;0.624;3.692;3.68;3.907;3.623;3.639;3.623;3.535;3.445;3.545;3.95;3.666;3.656;3.936;3.588;2.85;3.523;3.307;3.231;3.173;3.256;3.346;3.269;2.691;3.135;0.516;0.554;0.466;0.486;0.469;0.456;0.454;0.531;0.513;0.485;0.585;0.567;4.667;4.953;4.61;4.986;4.3;4.91;4.625;3.852;4.005;3.809;3.936;3.402
Raw Data (584);53189;1.845;0.569;0.567;0.583;0.586;0.569;0.589;0.613;0.573;0.6;0.674;0.587;4.696;4.627;4.511;4.632;4.655;4.643;4.096;4.905;4.577;4.133;4.206;4.554;4.197;3.893;3.992;3.927;4.04;3.868;4.029;4.366;4.227;4.224;3.894;3.941;2.105;0.572;0.583;0.578;0.61;0.61;0.6;0.62;0.642;0.604;0.805;0.633;3.701;3.712;3.932;3.651;3.667;3.648;3.602;3.433;3.557;3.826;3.724;3.689;3.981;3.603;2.873;3.585;3.313;3.244;3.195;3.309;3.373;3.309;2.726;3.165;0.497;0.552;0.48;0.496;0.473;0.463;0.466;0.52;0.505;0.48;0.586;0.569;4.681;4.982;4.646;5.18;4.342;5;4.715;3.856;4.042;3.834;3.976;3.44
Raw Data (584);53802;1.923;0.57;0.572;0.589;0.583;0.571;0.59;0.624;0.583;0.61;0.67;0.586;4.721;4.629;4.528;4.626;4.647;4.64;4.108;4.89;4.744;4.122;4.174;4.515;4.181;3.912;4.006;3.942;4.065;3.902;3.995;4.338;4.255;4.237;3.877;3.938;2.121;0.588;0.567;0.586;0.604;0.629;0.613;0.621;0.657;0.589;0.878;0.619;3.737;3.723;3.941;3.675;3.702;3.673;3.624;3.434;3.595;3.729;3.738;3.682;4.002;3.629;2.891;3.605;3.326;3.284;3.205;3.33;3.396;3.326;2.736;3.185;0.514;0.556;0.488;0.497;0.49;0.459;0.458;0.514;0.492;0.476;0.582;0.585;4.697;4.981;4.65;5.219;4.328;5.008;4.597;3.848;4.022;3.867;3.976;3.464
Raw Data (584);54415;1.962;0.56;0.576;0.586;0.571;0.556;0.58;0.616;0.58;0.594;0.667;0.581;4.723;4.652;4.535;4.627;4.624;4.627;4.095;4.879;4.734;4.102;4.151;4.489;4.21;3.935;4.022;3.972;4.087;3.924;4.001;4.341;4.26;4.26;3.873;3.932;2.159;0.598;0.621;0.574;0.612;0.628;0.61;0.608;0.649;0.587;0.943;0.629;3.74;3.733;3.946;3.679;3.687;3.692;3.593;3.499;3.622;3.744;3.749;3.704;4.034;3.62;2.916;3.621;3.343;3.293;3.201;3.367;3.413;3.328;2.753;3.194;0.517;0.546;0.477;0.482;0.474;0.46;0.449;0.518;0.512;0.473;0.576;0.557;4.702;5.012;4.65;5.059;4.354;4.973;4.662;3.85;4.048;3.875;3.984;3.484
Raw Data (584);55027;2.056;0.567;0.586;0.585;0.594;0.573;0.597;0.625;0.591;0.607;0.677;0.588;4.74;4.667;4.548;4.661;4.746;4.665;4.132;4.911;4.707;4.109;4.179;4.536;4.285;3.978;4.056;4.006;4.122;3.961;3.995;4.383;4.3;4.28;3.878;3.934;2.239;0.616;0.622;0.578;0.625;0.653;0.62;0.634;0.656;0.591;1.035;0.634;3.778;3.793;3.992;3.758;3.74;3.721;3.592;3.547;3.648;3.814;3.787;3.745;4.041;3.642;2.935;3.659;3.375;3.354;3.257;3.376;3.483;3.39;2.808;3.22;0.52;0.555;0.492;0.505;0.476;0.481;0.465;0.523;0.519;0.49;0.584;0.564;4.708;5.039;4.655;5.099;4.319;4.613;4.692;3.857;4.048;3.864;3.994;3.526
Raw Data (584);55640;2.106;0.577;0.586;0.589;0.578;0.588;0.59;0.637;0.589;0.614;0.678;0.585;4.757;4.681;4.564;4.676;4.796;4.664;4.133;4.901;4.645;4.119;4.183;4.562;4.296;4.009;4.088;4.039;4.167;3.993;3.992;4.396;4.295;4.289;3.87;3.916;2.243;0.632;0.618;0.576;0.627;0.676;0.601;0.621;0.662;0.596;1.093;0.634;3.799;3.805;4.011;3.765;3.755;3.742;3.63;3.546;3.665;3.907;3.792;3.766;4.062;3.689;2.95;3.662;3.42;3.355;3.268;3.389;3.487;3.41;2.816;3.241;0.494;0.553;0.484;0.505;0.473;0.485;0.453;0.52;0.507;0.482;0.582;0.556;4.707;5.044;4.66;5.171;4.288;4.848;4.593;3.844;4.039;3.843;4.019;3.597
Raw Data (584);56253;2.149;0.551;0.568;0.577;0.572;0.557;0.581;0.622;0.575;0.593;0.664;0.586;4.762;4.694;4.571;4.678;4.79;4.675;4.086;4.818;4.673;4.117;4.186;4.6;4.304;4.016;4.089;4.03;4.147;4.011;3.989;4.395;4.285;4.284;3.845;3.9;2.258;0.63;0.603;0.584;0.654;0.688;0.602;0.609;0.65;0.581;1.149;0.623;3.82;3.805;4.015;3.745;3.739;3.73;3.591;3.549;3.722;3.978;3.81;3.767;4.089;3.719;2.96;3.679;3.413;3.394;3.274;3.426;3.494;3.439;2.812;3.283;0.503;0.542;0.479;0.48;0.473;0.455;0.435;0.511;0.495;0.468;0.57;0.559;4.691;5.045;4.659;5.236;4.318;4.658;4.634;3.822;4.006;3.825;4.024;3.579
Raw Data (584);56866;2.213;0.562;0.56;0.582;0.567;0.575;0.584;0.618;0.585;0.593;0.679;0.575;4.779;4.715;4.594;4.705;4.771;4.705;4.108;4.836;4.745;4.122;4.187;4.605;4.337;4.035;4.119;4.056;4.179;4.05;3.988;4.424;4.325;4.317;3.848;3.912;2.287;0.65;0.605;0.564;0.654;0.736;0.607;0.611;0.654;0.592;1.211;0.623;3.844;3.823;4.05;3.773;3.778;3.771;3.596;3.606;3.752;4.024;3.844;3.796;4.123;3.746;2.972;3.721;3.458;3.399;3.309;3.44;3.535;3.472;2.86;3.302;0.497;0.546;0.487;0.49;0.48;0.464;0.457;0.521;0.505;0.482;0.576;0.566;4.683;5.05;4.648;5.156;4.388;4.437;4.734;3.838;3.996;3.832;4.053;3.61
Raw Data (584);57479;2.261;0.589;0.577;0.595;0.587;0.59;0.607;0.629;0.599;0.62;0.678;0.604;4.793;4.736;4.626;4.727;4.776;4.729;4.114;4.819;4.661;4.121;4.197;4.649;4.371;4.054;4.15;4.094;4.214;4.108;3.985;4.456;4.343;4.322;3.834;3.905;2.346;0.679;0.608;0.578;0.697;0.786;0.621;0.625;0.66;0.601;1.318;0.637;3.881;3.866;4.072;3.77;3.77;3.755;3.679;3.666;3.798;4.084;3.868;3.816;4.163;3.789;2.998;3.769;3.506;3.421;3.316;3.494;3.569;3.498;2.875;3.348;0.521;0.566;0.49;0.495;0.483;0.47;0.469;0.539;0.527;0.505;0.587;0.569;4.705;5.071;4.662;5.176;4.446;4.356;4.698;3.836;4.015;3.833;4.119;3.637
Raw Data (584);58093;2.308;0.575;0.584;0.582;0.588;0.576;0.6;0.631;0.586;0.603;0.68;0.578;4.796;4.718;4.625;4.722;4.763;4.733;4.098;4.842;4.78;4.113;4.194;4.68;4.376;4.066;4.151;4.092;4.228;4.087;3.959;4.455;4.346;4.335;3.822;3.887;2.359;0.717;0.607;0.582;0.714;0.833;0.604;0.628;0.649;0.598;1.307;0.635;3.885;3.847;4.076;3.753;3.78;3.766;3.677;3.697;3.845;4.107;3.856;3.804;4.173;3.808;3.013;3.763;3.506;3.433;3.344;3.509;3.596;3.521;2.897;3.368;0.489;0.547;0.477;0.49;0.467;0.463;0.46;0.516;0.51;0.474;0.583;0.574;4.71;5.062;4.658;5.21;4.442;4.278;4.721;3.827;4.006;3.815;4.141;3.638
Raw Data (584);58706;2.357;0.574;0.579;0.588;0.591;0.58;0.595;0.634;0.59;0.607;0.68;0.593;4.814;4.746;4.641;4.726;4.746;4.747;4.09;4.884;4.778;4.121;4.2;4.772;4.419;4.087;4.158;4.12;4.236;4.14;3.969;4.477;4.359;4.36;3.83;3.902;2.393;0.769;0.596;0.592;0.765;0.871;0.611;0.619;0.654;0.603;1.34;0.655;3.926;3.885;4.112;3.8;3.797;3.797;3.691;3.719;3.891;4.124;3.856;3.782;4.202;3.831;3.007;3.796;3.531;3.448;3.367;3.528;3.627;3.533;2.923;3.374;0.524;0.549;0.49;0.495;0.482;0.466;0.475;0.525;0.517;0.493;0.585;0.569;4.707;5.064;4.658;5.243;4.418;4.426;4.639;3.839;4.005;3.813;4.163;3.644
Raw Data (584);59320;2.389;0.565;0.564;0.584;0.576;0.574;0.588;0.622;0.587;0.599;0.662;0.577;4.819;4.723;4.634;4.74;4.76;4.753;4.061;4.877;4.82;4.095;4.192;4.779;4.421;4.087;4.183;4.147;4.257;4.178;3.943;4.506;4.376;4.36;3.811;3.87;2.436;0.884;0.59;0.583;0.815;1.02;0.595;0.606;0.644;0.597;1.388;0.646;3.922;3.879;4.134;3.827;3.804;3.815;3.731;3.724;3.908;4.109;3.859;3.846;4.22;3.815;3.001;3.821;3.524;3.453;3.377;3.538;3.639;3.543;2.924;3.406;0.493;0.541;0.473;0.486;0.469;0.448;0.449;0.507;0.496;0.473;0.575;0.563;4.692;5.057;4.643;5.087;4.353;4.762;4.714;3.826;3.991;3.814;4.189;3.656
Raw Data (584);59933;2.455;0.563;0.578;0.595;0.588;0.587;0.6;0.637;0.595;0.604;0.682;0.596;4.836;4.727;4.654;4.743;4.777;4.769;4.065;4.917;4.869;4.108;4.2;4.82;4.442;4.103;4.192;4.125;4.273;4.173;3.946;4.544;4.411;4.377;3.813;3.881;2.465;0.966;0.586;0.572;0.867;1.083;0.602;0.629;0.658;0.6;1.427;0.663;3.949;3.91;4.15;3.801;3.796;3.811;3.732;3.77;3.902;4.103;3.854;3.825;4.236;3.863;2.995;3.859;3.55;3.457;3.426;3.572;3.681;3.577;2.955;3.434;0.51;0.562;0.486;0.511;0.488;0.474;0.471;0.527;0.517;0.482;0.589;0.575;4.71;5.069;4.675;5.1;4.378;4.941;4.678;3.834;4.002;3.8;4.219;3.681
Raw Data (584);60547;2.492;0.559;0.578;0.583;0.58;0.574;0.584;0.639;0.574;0.603;0.674;0.589;4.822;4.703;4.631;4.738;4.848;4.767;4.05;4.942;4.873;4.081;4.193;4.797;4.46;4.123;4.179;4.131;4.288;4.147;3.933;4.515;4.418;4.405;3.801;3.839;2.498;1.017;0.579;0.571;0.975;1.124;0.601;0.601;0.645;0.587;1.444;0.663;3.965;3.89;4.15;3.822;3.816;3.811;3.73;3.816;3.925;4.096;3.859;3.817;4.227;3.852;3.002;3.851;3.555;3.463;3.446;3.588;3.699;3.602;2.961;3.425;0.506;0.545;0.486;0.481;0.479;0.465;0.46;0.52;0.508;0.479;0.58;0.558;4.683;5.044;4.658;5.173;4.409;4.822;4.63;3.819;3.994;3.809;4.237;3.664
Raw Data (584);61160;2.554;0.571;0.572;0.588;0.575;0.566;0.569;0.632;0.575;0.612;0.677;0.596;4.833;4.686;4.654;4.739;4.853;4.791;4.05;5.01;4.899;4.089;4.196;4.799;4.454;4.139;4.198;4.167;4.319;4.19;3.931;4.578;4.451;4.433;3.791;3.845;2.523;1.188;0.6;0.569;1.011;1.196;0.609;0.613;0.651;0.592;1.475;0.675;3.969;3.909;4.17;3.836;3.843;3.85;3.75;3.864;3.958;4.093;3.848;3.829;4.238;3.895;3.017;3.865;3.557;3.475;3.449;3.613;3.711;3.636;3.005;3.473;0.486;0.563;0.479;0.483;0.479;0.458;0.469;0.514;0.515;0.493;0.564;0.569;4.686;5.048;4.654;5.081;4.413;4.747;4.73;3.817;4.003;3.795;4.277;3.701
Raw Data (584);61774;2.622;0.561;0.581;0.589;0.572;0.567;0.605;0.619;0.589;0.602;0.659;0.591;4.856;4.661;4.646;4.745;4.853;4.799;4.031;5.034;4.904;4.077;4.191;4.734;4.487;4.183;4.227;4.173;4.346;4.241;3.924;4.638;4.443;4.429;3.784;3.84;2.55;1.202;0.617;0.582;1.154;1.21;0.62;0.621;0.643;0.59;1.514;0.695;3.983;3.938;4.18;3.876;3.832;3.848;3.779;3.88;3.938;4.147;3.856;3.849;4.252;3.916;3.014;3.881;3.566;3.477;3.455;3.638;3.776;3.703;3.059;3.475;0.51;0.55;0.48;0.497;0.474;0.474;0.475;0.521;0.502;0.484;0.588;0.576;4.693;5.056;4.654;5.137;4.404;4.697;4.619;3.812;4.001;3.802;4.291;3.677
Raw Data (584);62389;2.638;0.569;0.57;0.594;0.58;0.579;0.604;0.628;0.594;0.608;0.677;0.596;4.839;4.669;4.646;4.73;4.828;4.805;4.038;5.036;4.899;4.069;4.212;4.681;4.524;4.175;4.252;4.212;4.371;4.303;3.93;4.647;4.485;4.474;3.799;3.854;2.591;1.315;0.629;0.583;1.244;1.294;0.61;0.626;0.648;0.601;1.567;0.735;4.004;3.915;4.193;3.847;3.828;3.844;3.806;3.934;4.003;4.127;3.836;3.816;4.292;3.935;3.026;3.921;3.577;3.498;3.475;3.668;3.775;3.716;3.12;3.506;0.51;0.555;0.49;0.507;0.478;0.469;0.459;0.529;0.517;0.487;0.583;0.575;4.699;5.064;4.67;5.155;4.474;4.713;4.719;3.822;4.002;3.802;4.305;3.712
Raw Data (584);63002;2.673;0.576;0.572;0.581;0.58;0.58;0.614;0.628;0.592;0.607;0.673;0.607;4.878;4.653;4.656;4.735;4.787;4.794;4.013;5.034;4.882;4.055;4.209;4.601;4.549;4.189;4.23;4.207;4.381;4.301;3.922;4.647;4.489;4.474;3.782;3.834;2.655;1.356;0.593;0.594;1.327;1.369;0.623;0.624;0.655;0.597;1.627;0.783;4.022;3.925;4.221;3.857;3.848;3.86;3.829;3.938;4.027;4.154;3.843;3.833;4.304;3.952;3.023;3.943;3.59;3.516;3.488;3.704;3.792;3.711;3.14;3.546;0.503;0.556;0.483;0.491;0.483;0.454;0.457;0.528;0.517;0.483;0.597;0.57;4.706;5.069;4.649;5.071;4.441;4.719;4.689;3.811;4.008;3.805;4.304;3.733
Raw Data (584);63616;2.793;0.574;0.584;0.599;0.593;0.58;0.625;0.633;0.592;0.599;0.686;0.622;4.866;4.621;4.646;4.729;4.75;4.778;4.022;5.023;4.895;4.073;4.2;4.591;4.502;4.202;4.261;4.218;4.383;4.319;3.925;4.676;4.503;4.493;3.799;3.838;2.655;1.388;0.613;0.588;1.275;1.299;0.624;0.618;0.656;0.602;1.645;0.824;4.029;3.972;4.222;3.877;3.867;3.889;3.842;3.954;4.061;4.182;3.858;3.851;4.353;3.978;3.037;3.959;3.633;3.521;3.497;3.727;3.858;3.746;3.153;3.588;0.521;0.558;0.494;0.506;0.488;0.469;0.465;0.534;0.515;0.495;0.597;0.576;4.692;5.098;4.671;5.146;4.466;4.718;4.704;3.824;4.004;3.795;4.331;3.758
Raw Data (584);64229;2.851;0.561;0.59;0.595;0.587;0.57;0.625;0.62;0.595;0.613;0.667;0.636;4.829;4.572;4.633;4.716;4.686;4.753;4.012;5.001;4.891;4.04;4.191;4.545;4.463;4.188;4.311;4.218;4.378;4.31;3.909;4.663;4.478;4.523;3.773;3.814;2.673;1.411;0.608;0.577;1.279;1.327;0.606;0.618;0.65;0.602;1.685;0.877;4.056;3.94;4.228;3.879;3.851;3.879;3.86;3.958;4.061;4.168;3.862;3.833;4.357;3.98;3.039;3.958;3.62;3.536;3.502;3.743;3.857;3.741;3.161;3.62;0.504;0.542;0.476;0.496;0.467;0.473;0.449;0.531;0.513;0.493;0.576;0.569;4.704;5.11;4.651;5.125;4.45;4.72;4.754;3.807;3.997;3.787;4.344;3.774
Raw Data (584);64843;2.879;0.568;0.58;0.575;0.586;0.583;0.646;0.631;0.585;0.603;0.67;0.636;4.798;4.559;4.618;4.718;4.618;4.708;4.016;5.007;4.878;4.042;4.194;4.585;4.46;4.208;4.319;4.249;4.385;4.334;3.904;4.658;4.487;4.512;3.759;3.812;2.685;1.411;0.635;0.588;1.318;1.369;0.612;0.623;0.657;0.59;1.74;0.934;4.065;3.932;4.225;3.876;3.866;3.912;3.879;3.958;4.042;4.128;3.846;3.831;4.376;4.008;3.043;3.947;3.633;3.549;3.515;3.762;3.878;3.74;3.184;3.621;0.522;0.551;0.482;0.498;0.475;0.462;0.457;0.513;0.509;0.484;0.578;0.567;4.706;5.124;4.653;5.127;4.408;4.675;4.53;3.808;3.99;3.781;4.343;3.744
Raw Data (584);65457;2.955;0.569;0.579;0.593;0.581;0.587;0.659;0.614;0.588;0.608;0.675;0.658;4.76;4.618;4.578;4.72;4.6;4.667;3.987;5.001;4.88;4.044;4.187;4.607;4.486;4.21;4.351;4.256;4.414;4.382;3.902;4.663;4.489;4.452;3.745;3.812;2.726;1.417;0.652;0.584;1.345;1.38;0.613;0.623;0.651;0.6;1.807;1.005;4.06;3.942;4.238;3.87;3.861;3.881;3.89;3.994;3.993;4.095;3.859;3.831;4.405;4.021;3.037;3.999;3.65;3.545;3.523;3.788;3.927;3.772;3.191;3.653;0.512;0.554;0.489;0.497;0.486;0.475;0.471;0.531;0.507;0.489;0.581;0.568;4.716;5.14;4.644;5.095;4.378;4.731;4.734;3.799;3.994;3.779;4.366;3.759
Raw Data (584);66071;2.972;0.567;0.566;0.587;0.577;0.573;0.675;0.63;0.588;0.607;0.672;0.671;4.739;4.59;4.566;4.703;4.567;4.629;3.987;4.969;4.864;4.025;4.18;4.578;4.488;4.197;4.367;4.179;4.408;4.337;3.879;4.662;4.52;4.457;3.736;3.791;2.737;1.397;0.662;0.581;1.359;1.366;0.605;0.628;0.648;0.586;1.902;1.071;4.088;3.908;4.253;3.847;3.845;3.872;3.906;4.018;3.954;4.054;3.863;3.824;4.406;4.031;3.045;3.994;3.634;3.537;3.52;3.813;3.89;3.749;3.19;3.657;0.502;0.544;0.491;0.497;0.482;0.461;0.454;0.523;0.504;0.484;0.588;0.559;4.702;5.148;4.636;5.064;4.355;4.75;4.658;3.798;3.99;3.767;4.352;3.749
Raw Data (584);66685;3.01;0.578;0.599;0.589;0.593;0.581;0.709;0.625;0.595;0.602;0.685;0.733;4.746;4.587;4.568;4.687;4.569;4.606;3.984;4.976;4.862;4.024;4.185;4.565;4.514;4.221;4.434;4.179;4.42;4.313;3.882;4.668;4.554;4.514;3.737;3.797;2.775;1.501;0.666;0.589;1.408;1.446;0.609;0.629;0.648;0.602;1.973;1.178;4.085;3.92;4.271;3.84;3.841;3.856;3.945;4.022;3.957;3.984;3.879;3.826;4.426;4.051;3.043;4.031;3.659;3.543;3.554;3.849;3.92;3.793;3.209;3.697;0.523;0.558;0.491;0.484;0.485;0.471;0.461;0.53;0.516;0.484;0.578;0.584;4.716;5.165;4.649;5.08;4.383;4.742;4.689;3.793;3.998;3.78;4.373;3.755
Raw Data (584);67299;3.072;0.573;0.585;0.602;0.588;0.585;0.756;0.639;0.597;0.604;0.677;0.765;4.711;4.573;4.557;4.674;4.609;4.566;3.967;4.959;4.875;4.028;4.183;4.494;4.548;4.234;4.373;4.186;4.441;4.34;3.885;4.684;4.572;4.532;3.721;3.808;2.79;1.497;0.703;0.588;1.409;1.477;0.618;0.628;0.66;0.593;2.077;1.232;4.097;3.916;4.263;3.845;3.843;3.842;3.981;4.033;3.972;3.96;3.882;3.828;4.436;4.055;3.052;4.055;3.671;3.556;3.57;3.867;3.96;3.828;3.226;3.702;0.507;0.556;0.489;0.494;0.484;0.475;0.464;0.528;0.52;0.492;0.59;0.581;4.698;5.183;4.644;5.094;4.381;4.744;4.74;3.797;3.987;3.779;4.37;3.749
Raw Data (584);67913;3.1;0.58;0.584;0.585;0.594;0.585;0.782;0.631;0.585;0.604;0.676;0.82;4.693;4.565;4.566;4.678;4.611;4.566;3.974;4.944;4.862;4.002;4.163;4.474;4.561;4.234;4.304;4.192;4.435;4.344;3.88;4.69;4.587;4.545;3.728;3.782;2.809;1.517;0.708;0.577;1.427;1.494;0.604;0.613;0.651;0.579;2.111;1.279;4.106;3.901;4.288;3.833;3.81;3.838;3.992;4.035;3.977;3.956;3.88;3.817;4.435;4.067;3.055;4.029;3.658;3.57;3.563;3.893;3.963;3.864;3.242;3.711;0.501;0.554;0.486;0.493;0.471;0.474;0.465;0.52;0.513;0.479;0.575;0.567;4.697;5.171;4.642;5.078;4.305;4.611;4.567;3.796;3.98;3.775;4.37;3.748
Raw Data (584);68527;3.128;0.56;0.57;0.6;0.588;0.576;0.867;0.625;0.579;0.601;0.678;0.881;4.649;4.575;4.556;4.678;4.596;4.571;3.959;4.863;4.846;3.987;4.152;4.5;4.566;4.243;4.275;4.197;4.434;4.369;3.859;4.7;4.565;4.521;3.729;3.778;2.842;1.594;0.755;0.582;1.451;1.506;0.619;0.616;0.644;0.592;2.191;1.308;4.114;3.872;4.275;3.823;3.824;3.841;4.009;4.03;4.001;3.919;3.874;3.803;4.45;4.079;3.046;4.061;3.645;3.552;3.558;3.912;3.949;3.87;3.25;3.723;0.495;0.554;0.488;0.493;0.484;0.475;0.466;0.536;0.509;0.503;0.582;0.576;4.687;5.135;4.631;5.075;4.335;4.664;4.736;3.794;3.988;3.771;4.37;3.737
Raw Data (584);69141;3.182;0.577;0.587;0.596;0.586;0.585;0.937;0.642;0.594;0.606;0.665;0.948;4.631;4.575;4.515;4.65;4.57;4.571;3.964;4.81;4.842;3.976;4.165;4.461;4.595;4.266;4.262;4.213;4.447;4.38;3.863;4.697;4.566;4.497;3.719;3.781;2.814;1.593;0.796;0.592;1.47;1.536;0.61;0.621;0.648;0.593;2.239;1.321;4.125;3.89;4.265;3.815;3.802;3.826;4.017;4.036;4.008;3.905;3.86;3.774;4.461;4.091;3.051;4.04;3.642;3.551;3.594;3.927;3.968;3.873;3.259;3.73;0.506;0.549;0.491;0.501;0.48;0.479;0.459;0.529;0.512;0.488;0.574;0.572;4.694;5.148;4.627;5.061;4.305;4.731;4.619;3.79;3.979;3.765;4.381;3.723
Raw Data (584);69755;3.212;0.569;0.583;0.576;0.585;0.584;0.958;0.633;0.577;0.61;0.677;1.04;4.619;4.582;4.516;4.646;4.57;4.565;3.946;4.75;4.819;3.989;4.17;4.424;4.611;4.265;4.282;4.215;4.462;4.349;3.86;4.692;4.571;4.479;3.71;3.767;2.874;1.594;0.876;0.595;1.504;1.572;0.614;0.618;0.645;0.595;2.291;1.377;4.136;3.877;4.292;3.811;3.816;3.826;4.039;4.036;4.027;3.95;3.899;3.804;4.449;4.09;3.045;4.061;3.636;3.551;3.599;3.953;4.013;3.865;3.277;3.752;0.503;0.546;0.48;0.5;0.488;0.468;0.448;0.521;0.512;0.488;0.578;0.57;4.685;5.121;4.616;5.048;4.311;4.75;4.72;3.769;3.975;3.762;4.376;3.721
;;;;;;;;;;;;;;;;;;;;;;;;;;;;;;;;;;;;;;;;;;;;;;;;;;;;;;;;;;;;;;;;;;;;;;;;;;;;;;;;;;;;;;;;;;;;;;;;;
